ID,SwiftName,Counterpart,RA,DEC,Redshift,Classification,nh
1,SWIFTJ0001.0-0708,2MASXJ00004876-0709117,0.2032,-7.1532,0.0377,Sy1.9,3.52e+20
2,SWIFTJ0001.6-7701,2MASXJ00014596-7657144,0.4420,-76.9540,0.0580,Sy1.5,5.76e+20
3,SWIFTJ0002.5+0323,NGC7811,0.6101,3.3519,0.0250,Sy1.2,3.01e+20
4,SWIFTJ0003.3+2737,2MASXJ00032742+2739173,0.8642,27.6547,0.0398,Sy2,5.15e+20
5,SWIFTJ0005.0+7021,2MASXJ00040192+7019185,1.0082,70.3218,0.0960,Sy2,4.92e+21
6,SWIFTJ0006.2+2012,Mrk335,1.5814,20.2030,0.0262,Sy1.2,4.09e+20
7,SWIFTJ0009.4-0037,SDSSJ000911.57-003654.7,2.2983,-0.6152,0.0734,Sy2,3.71e+20
10,SWIFTJ0021.2-1909,LEDA1348,5.2814,-19.1682,0.0959,Sy1.9,2.16e+20
13,SWIFTJ0025.8+6818,LEDA136991,6.3850,68.3624,0.0120,Sy2,6.24e+21
14,SWIFTJ0026.5-5308,LEDA433346,6.6695,-53.1633,0.0620,Sy1.5,1.85e+20
16,SWIFTJ0029.2+1319,PG0026+129,7.3071,13.2678,0.1452,Sy1,6.33e+20
17,SWIFTJ0030.0-5904,ESO112-6,7.6826,-59.0072,0.0289,Sy2,1.36e+20
18,SWIFTJ0033.6+6127,2MASXJ00331831+6127433,8.3264,61.4620,0.1040,Sy1.9,6.99e+21
19,SWIFTJ0034.5-7904,RHS3,8.5700,-79.0890,0.0741,Sy1.2,7.60e+20
20,SWIFTJ0034.6-0422,2MASXJ00343284-0424117,8.6366,-4.4034,0.2132,Sy2,3.97e+20
22,SWIFTJ0036.3+4540,Z535-12,9.0873,45.6649,0.0477,Sy1.2,8.14e+20
24,SWIFTJ0038.4+2337,Mrk344,9.6338,23.6134,0.0240,Sy2,3.24e+20
25,SWIFTJ0041.0+2444,SWIFT J004039.9+244539,10.1662,24.7609,0.0784,Sy1.8,3.90e+20
28,SWIFTJ0042.9-2332,NGC235A,10.7200,-23.5410,0.0220,Sy1.9,1.48e+20
29,SWIFTJ0042.9+3016A,2MASXJ00430184+3017195,10.7579,30.2888,0.0520,Sy1.9,5.78e+20
31,SWIFTJ0042.9-1135,MCG-2-2-95,10.7866,-11.6010,0.0189,Sy2,2.50e+20
32,SWIFTJ0046.2-4008,ESP39607,11.5862,-40.0970,0.2013,Sy2,3.56e+20
33,SWIFTJ0048.8+3155,Mrk348,12.1964,31.9570,0.0150,Sy2,7.26e+20
34,SWIFTJ0051.6+2928,UGC524,12.8959,29.4013,0.0360,Sy1.5,6.82e+20
36,SWIFTJ0051.9+1724,Mrk1148,12.9782,17.4329,0.0649,Sy1.2,5.01e+20
37,SWIFTJ0052.3-2730,2MASXJ00520383-2723488,13.0159,-27.3969,0.0768,Sy2,1.62e+20
39,SWIFTJ0054.9+2524,PG0052+251,13.7172,25.4275,0.1550,Sy1.5,5.12e+20
43,SWIFTJ0059.4+3150,Mrk352,14.9720,31.8270,0.0149,Sy1.2,6.40e+20
44,SWIFTJ0100.9-4750,2MASXJ01003490-4752033,15.1457,-47.8677,0.0480,Sy2,2.00e+20
45,SWIFTJ0101.5-0308,2MASXJ01012440-0308399,15.3516,-3.1445,0.0696,Sy1.5,3.63e+20
49,SWIFTJ0105.5-4213,MCG-7-3-7,16.3617,-42.2162,0.0300,Sy2,2.66e+20
50,SWIFTJ0106.2-4704,ESO243-26,16.4083,-47.0717,0.0193,Sy2,2.07e+20
51,SWIFTJ0105.7-1414,RBS149,16.4117,-14.2704,0.0664,Sy1.5,2.23e+20
52,SWIFTJ0105.6-3433,HE0103-3447,16.4446,-34.5290,0.0571,Sy1.2,1.90e+20
53,SWIFTJ0106.8+0639,UM85,16.6886,6.6338,0.0410,Sy2,3.23e+20
55,SWIFTJ0107.7-1137B,2MASXJ01073963-1139117,16.9152,-11.6531,0.0466,Sy1.8,2.69e+20
57,SWIFTJ0109.0+1320,3C33,17.2203,13.3373,0.0597,Sy2,3.60e+20
58,SWIFTJ0111.4-3808,NGC424,17.8652,-38.0835,0.0110,Sy2,1.63e+20
60,SWIFTJ0113.8+1313,Mrk975,18.4627,13.2718,0.0490,Sy1.5,3.75e+20
61,SWIFTJ0113.8-1450,Mrk1152,18.4587,-14.8457,0.0527,Sy1.2,1.89e+20
62,SWIFTJ0114.5-3236,IC1657,18.5292,-32.6509,0.0120,Sy2,2.59e+20
63,SWIFTJ0114.4-5522,NGC454E,18.6039,-55.3970,0.0124,Sy1.9,2.40e+20
64,SWIFTJ0116.3+3104,NGC452,19.0617,31.0338,0.0160,Sy1.9,7.00e+20
65,SWIFTJ0116.5-1235,2MASXJ01163118-1236171,19.1298,-12.6047,0.1425,Sy1.8,2.61e+20
70,SWIFTJ0122.8+5003,MCG+8-3-18,20.6434,50.0550,0.0200,Sy1.9,2.18e+21
72,SWIFTJ0123.8-3504,NGC526A,20.9765,-35.0654,0.0190,Sy1.9,2.48e+20
73,SWIFTJ0123.9-5846,Fairall9,20.9407,-58.8058,0.0470,Sy1.2,3.40e+20
74,SWIFTJ0124.5+3350,NGC513,21.1117,33.7995,0.0190,Sy2,6.42e+20
75,SWIFTJ0126.0+3511,1RXSJ012556.6+351039,21.4831,35.1769,0.3119,Sy1,5.70e+20
76,SWIFTJ0126.2+1517,RHS10,21.4919,15.3038,0.1116,Sy1,4.13e+20
77,SWIFTJ0127.5+1910,Mrk359,21.8855,19.1788,0.0170,Sy1.5,5.16e+20
78,SWIFTJ0128.0-1850,MCG-3-4-72,22.0280,-18.8086,0.0460,Sy1.5,1.46e+20
79,SWIFTJ0128.4+1631,Z459-58,22.1018,16.4593,0.0383,Sy1.5,5.88e+20
80,SWIFTJ0128.9-6039,2MASXJ01290761-6038423,22.2819,-60.6450,0.2036,Sy1.8,2.88e+20
81,SWIFTJ0130.0-4218,ESO244-30,22.4632,-42.3265,0.0251,Sy1.5,1.82e+20
82,SWIFTJ0130.2-4552,2MASXJ01302127-4601448,22.5887,-46.0291,0.1116,Sy1.2,1.60e+20
83,SWIFTJ0131.8-3307,ESO353-9,22.9600,-33.1193,0.0164,Sy2,2.68e+20
84,SWIFTJ0134.1-3625,NGC612,23.4904,-36.4932,0.0299,Sy2,2.06e+20
85,SWIFTJ0134.8-0430,LEDA1057320,23.6901,-4.5037,0.0790,Sy1.5,4.05e+20
87,SWIFTJ0138.6-4001,ESO297-18,24.6548,-40.0114,0.0250,Sy2,1.70e+20
88,SWIFTJ0138.8+2925,LEDA138434,24.8500,29.4020,0.0720,Sy1.5,5.93e+20
89,SWIFTJ0140.6-5321,2MASXJ01402676-5319389,25.1117,-53.3276,0.0716,Sy1.5,2.86e+20
92,SWIFTJ0149.2+2153A,LEDA1656658,27.2487,21.7594,0.0691,Sy1.2,8.80e+20
93,SWIFTJ0149.2+2153B,NGC678,27.3535,21.9974,0.0096,Sy2,8.63e+20
94,SWIFTJ0149.9-5019,CSRG165,27.3427,-50.2521,0.0300,Sy1.2,2.02e+20
95,SWIFTJ0151.3-3610,ESO354-4,27.9244,-36.1878,0.0332,Sy1.5,1.62e+20
96,SWIFTJ0152.8-0329,MCG-1-5-47,28.2043,-3.4468,0.0170,Sy2,2.96e+20
97,SWIFTJ0154.9-2707,2MASSiJ0154403-270701,28.6680,-27.1170,0.1510,Sy1,1.60e+20
98,SWIFTJ0155.4+0228,RBS255,28.8540,2.4713,0.0828,Sy1,3.03e+20
99,SWIFTJ0157.2+4715,LEDA2295246,29.2956,47.2664,0.0480,Sy1.2,1.69e+21
101,SWIFTJ0200.3+2428,UGC1479,30.0794,24.4738,0.0160,Sy2,1.02e+21
102,SWIFTJ0201.0-0648,NGC788,30.2769,-6.8159,0.0130,Sy2,2.29e+20
103,SWIFTJ0202.4+6824A,LEDA89913,30.5723,68.3627,0.0120,Sy2,5.17e+21
104,SWIFTJ0202.4+6824B,LEDA137972,30.3848,68.4061,0.0150,Sy2,5.18e+21
105,SWIFTJ0203.1-2359,RBS273,30.7539,-24.0368,0.1780,Sy1.5,1.68e+20
106,SWIFTJ0206.2-0019,Mrk1018,31.5666,-0.2915,0.0420,Sy1.2,2.67e+20
107,SWIFTJ0207.0+2931,LEDA8076,31.7592,29.5128,0.1092,Sy1.9,6.59e+20
110,SWIFTJ0208.2+4452,UGC1609,31.9650,44.8440,0.0210,Sy1.9,1.11e+21
111,SWIFTJ0208.5-1738,2MASSJ02083494-1739347,32.1456,-17.6597,0.1290,Sy1.5,2.79e+20
112a,SWIFTJ0209.5-1010,NGC 835,32.3525,-10.1359,0.0128,Sy2,2.74e+20
112b,SWIFTJ0209.5-1010,NGC 833,32.3368,-10.1331,0.0128,Sy2,2.73e+20
113,SWIFTJ0209.7+5226,LEDA138501,32.4059,52.4443,0.0496,Sy1.2,2.32e+21
114,SWIFTJ0211.1-4944,Fairall377,32.7189,-49.6985,0.0481,Sy2,1.79e+20
116,SWIFTJ0214.6-0049,Mrk590,33.6398,-0.7667,0.0263,Sy1.2,2.93e+20
117,SWIFTJ0214.9-6432,RBS295,33.6558,-64.5014,0.0739,Sy1,3.07e+20
118,SWIFTJ0215.6-1301,3C62,33.9059,-12.9917,0.1470,Sy1.9,1.79e+20
119,SWIFTJ0216.3+5128,2MASSJ02162672+5125251,34.1116,51.4236,0.4220,Sy2,2.20e+21
121,SWIFTJ0222.6+5222,1RXSJ022206.0+522112,35.5264,52.3516,0.2000,Sy1.2,2.65e+21
122,SWIFTJ0222.3+2509,2MASXJ02223523+2508143,35.6467,25.1374,0.0620,Sy1.5,8.07e+20
123,SWIFTJ0223.4+4551,2MASXJ02233309+4549162,35.8878,45.8212,0.0610,Sy2,1.55e+21
124,SWIFTJ0225.0-2312,LEDA2823078,36.2617,-23.2135,0.2320,Sy1.5,1.80e+20
126,SWIFTJ0225.8-6315,Fairall296,36.2876,-63.2240,0.0572,Sy1.2,2.69e+20
127,SWIFTJ0226.4-2821,AM0224-283,36.6072,-28.3497,0.0599,Sy1.5,1.77e+20
128,SWIFTJ0227.0+2346,MCG+4-6-43,36.7275,23.7997,0.0332,Sy1,1.08e+21
129,SWIFTJ0228.1+3118,Mrk1040,37.0603,31.3115,0.0168,Sy1,8.84e+20
130,SWIFTJ0230.2-0900,Mrk1044,37.5230,-8.9981,0.0160,Sy1,3.59e+20
131,SWIFTJ0231.6-3645,IC1816,37.9624,-36.6721,0.0170,Sy1.9,2.82e+20
133,SWIFTJ0234.1+3233,NGC973,38.5838,32.5057,0.0160,Sy2,9.27e+20
134,SWIFTJ0234.6-0848,NGC985,38.6576,-8.7878,0.0430,Sy1.5,3.46e+20
135,SWIFTJ0235.3-2934,ESO416-2,38.8061,-29.6048,0.0591,Sy1.8,1.79e+20
136,SWIFTJ0238.2-5213,ESO198-24,39.5822,-52.1923,0.0456,Sy1,3.26e+20
137,SWIFTJ0238.5-6119,2MASXJ02384313-6117227,39.6796,-61.2896,0.0544,Sy1.5,2.60e+20
138,SWIFTJ0238.8-4039,LEDA74091,39.7041,-40.6439,0.0610,Sy1.2,2.03e+20
140,SWIFTJ0241.3-0816,NGC1052,40.2700,-8.2558,0.0050,Sy1.5,3.06e+20
141,SWIFTJ0241.6+0711,Mrk595,40.3953,7.1872,0.0270,Sy1.5,1.04e+21
142,SWIFTJ0242.0+0516,IRAS02394+0457,40.5159,5.1684,0.0690,Sy2,6.64e+20
143,SWIFTJ0242.2+0531,RHS15,40.5610,5.5100,0.0690,Sy1,6.92e+20
144,SWIFTJ0242.6+0000,NGC1068,40.6696,-0.0133,0.0039,Sy1.5,3.22e+20
145,SWIFTJ0243.9+5324,LEDA2442097,41.0125,53.4745,0.0340,Sy2,4.08e+21
146,SWIFTJ0244.7-2433,ESO479-31,41.1988,-24.5138,0.0230,Sy1.5,1.89e+20
147,SWIFTJ0244.8+6227,Q0241+622,41.2404,62.4685,0.0448,Sy1,8.11e+21
149,SWIFTJ0249.1+2627,LEDA89928,42.2473,26.5110,0.0589,Sy2,1.53e+21
150,SWIFTJ0250.4+4648,2MASXJ02502722+4647295,42.6133,46.7915,0.0219,Sy1.9,2.36e+21
151,SWIFTJ0251.3+5441,LEDA166445,42.6774,54.7048,0.0150,Sy2,5.50e+21
152,SWIFTJ0250.7+4142,NGC1106,42.6687,41.6716,0.0140,Sy1,1.08e+21
153,SWIFTJ0251.6-1639,NGC1125,42.9186,-16.6506,0.0110,Sy1.9,2.85e+20
154,SWIFTJ0252.1-6758,2MASXJ02513173-6803059,42.8826,-68.0516,0.1828,Sy1.9,4.92e+20
155,SWIFTJ0252.3+4312,LEDA90641,43.1417,43.1674,0.0519,Sy2,1.34e+21
156,SWIFTJ0252.7-0822,MCG-2-8-14,43.0975,-8.5103,0.0170,Sy2,5.14e+20
157,SWIFTJ0255.2-0011,NGC1142,43.8008,-0.1837,0.0280,Sy2,7.36e+20
159,SWIFTJ0256.4-3212,ESO417-6,44.0897,-32.1856,0.0163,Sy2,2.54e+20
161,SWIFTJ0259.9+4419,2MASXJ02593756+4417180,44.9064,44.2883,0.0310,Sy1.5,2.18e+21
162,SWIFTJ0300.0-1048,MCG-2-8-38,45.0180,-10.8246,0.0328,Sy1.2,6.42e+20
163,SWIFTJ0304.1-0108,NGC1194,45.9546,-1.1037,0.0138,Sy2,7.97e+20
164,SWIFTJ0308.5-7251,ESO31-8,46.8973,-72.8340,0.0279,Sy1.2,7.71e+20
165,SWIFTJ0308.2-2258,NGC1229,47.0451,-22.9602,0.0357,Sy1.9,1.83e+20
166,SWIFTJ0311.1+3241,2MASXJ03104435+3239296,47.6849,32.6581,0.1270,Sy1,2.04e+21
167,SWIFTJ0311.5-2045,HE0309-2057,47.8284,-20.7717,0.0670,Sy1,2.22e+20
169,SWIFTJ0311.9+5032,2MASXJ03120291+5029147,48.0124,50.4874,0.0619,Sy1.5,4.74e+21
171,SWIFTJ0317.2+0116,UGC2638,49.2590,1.2550,0.0239,Sy2,9.86e+20
172,SWIFTJ0318.7+6828,2MASXJ03181899+6829322,49.5796,68.4922,0.0900,Sy1.9,4.52e+21
173,SWIFTJ0319.7+4132,NGC1275,49.9507,41.5117,0.0170,Sy1.5,2.07e+21
175,SWIFTJ0325.0-4154,LEDA12773,51.2595,-41.9049,0.0580,Sy1.5,1.29e+20
176,SWIFTJ0324.9+4044,LEDA97012,51.3040,40.6980,0.0470,Sy2,2.35e+21
179,SWIFTJ0328.4-2846,LEDA738553,52.1521,-28.6989,0.1088,Sy2,9.98e+19
180,SWIFTJ0331.3+0538,HS0328+0528,52.7174,5.6404,0.0448,Sy1.5,2.04e+21
182,SWIFTJ0331.4-0510,MCG-1-9-45,52.8460,-5.1417,0.0129,Sy2,4.40e+20
183,SWIFTJ0333.3+3720,2MASXJ03331873+3718107,53.3283,37.3031,0.0561,Sy1.5,2.70e+21
184,SWIFTJ0333.6-3607,NGC1365,53.4017,-36.1402,0.0050,Sy1.5,1.39e+20
185,SWIFTJ0334.4-1515,LEDA2816367,53.6020,-15.2277,0.0349,Sy1.5,7.26e+20
187,SWIFTJ0335.4+1907,2MASXJ03352254+1907282,53.8441,19.1247,0.1890,Sy1.8,1.89e+21
189,SWIFTJ0342.0-2115,ESO548-81,55.5155,-21.2443,0.0148,Sy1.2,2.53e+20
190,SWIFTJ0345.2-3935,Tol0343-397,56.3022,-39.5748,0.0430,Sy1.2,3.00e+20
191,SWIFTJ0347.0-3027,HE0345-3033,56.7727,-30.3975,0.0950,Sy1,1.02e+20
193,SWIFTJ0350.1-5019,ESO201-4,57.5958,-50.3026,0.0365,Sy1.9,1.20e+20
194,SWIFTJ0351.7-4030,Fairall1116,57.9237,-40.4665,0.0588,Sy1,2.54e+20
196,SWIFTJ0353.7+3711,LEDA213255,58.4270,37.2355,0.0186,Sy1.8,3.08e+21
197,SWIFTJ0354.2+0250,HE0351+0240,58.5394,2.8252,0.0354,Sy1.5,2.27e+21
199,SWIFTJ0357.5-6255,LEDA2816387,59.0832,-62.8609,0.1076,Sy1.8,3.51e+20
200,SWIFTJ0356.9-4041,2MASXJ03565655-4041453,59.2355,-40.6961,0.0743,Sy1.9,1.91e+20
201,SWIFTJ0357.6+4153,2MASXJ03574513+4155049,59.4381,41.9181,0.0516,Sy2,4.45e+21
202,SWIFTJ0359.0-3015A,SARS059.33488-30.34397,59.8354,-30.2027,0.0973,Sy1.8,9.71e+19
203,SWIFTJ0359.0-3015B,SARS059.28692-30.44439,59.7868,-30.3029,0.0939,Sy2,9.67e+19
205,SWIFTJ0402.4-1807,ESO549-49,60.6070,-18.0476,0.0268,Sy2,1.74e+20
207,SWIFTJ0405.3-3707,Fairall1119,61.2571,-37.1876,0.0552,Sy1.2,6.39e+19
209,SWIFTJ0407.4+0339,3C105,61.8186,3.7072,0.0890,Sy2,2.20e+21
212,SWIFTJ0413.8+1112,3C109,63.4181,11.2041,0.3068,Sy1.5,2.88e+21
213,SWIFTJ0414.8-0754,IRAS04124-0803,63.7194,-7.9277,0.0381,Sy1.5,6.69e+20
214,SWIFTJ0418.3+3800,3C111,64.5886,38.0266,0.0488,Sy1.2,4.35e+21
216,SWIFTJ0420.0-5457,NGC1566,65.0016,-54.9379,0.0050,Sy1.5,8.82e+19
217,SWIFTJ0422.7-5611,Fairall302,65.6003,-56.2256,0.0435,Sy1.8,1.38e+20
218,SWIFTJ0423.5+0414,LEDA15023,65.9199,4.1338,0.0465,Sy2,2.24e+21
220,SWIFTJ0426.2-5711,RBS542,66.5030,-57.2005,0.1040,Sy1.5,1.31e+20
221,SWIFTJ0427.6-1201,MCG-2-12-17,66.7559,-12.0595,0.0325,Sy2,4.10e+20
222,SWIFTJ0428.2-6704A,SWIFTJ042749.42-670436.1,66.9572,-67.0763,0.0013,Sy2,4.20e+20
223,SWIFTJ0428.2-6704B,2MASXJ04294735-6703205,67.4476,-67.0555,0.0650,Sy1.5,4.48e+20
224,SWIFTJ0429.6-2114,LEDA135180,67.4096,-21.1622,0.0700,Sy1.5,2.25e+20
226,SWIFTJ0433.0+0521,3C120,68.2962,5.3543,0.0334,Sy1.2,1.94e+21
227,SWIFTJ0433.5-5846,2MASXJ04332716-5843346,68.3633,-58.7261,0.1020,Sy2,1.31e+20
228,SWIFTJ0436.3-1022,Mrk618,69.0929,-10.3761,0.0350,Sy1.2,5.82e+20
229,SWIFTJ0437.4-4713,HE0436-4717,69.3673,-47.1915,0.0518,Sy1,1.05e+20
230,SWIFTJ0438.2-1048,MCG-2-12-50,69.5591,-10.7958,0.0360,Sy1.5,5.62e+20
231,SWIFTJ0440.2-5941,LEDA15768,69.9960,-59.6816,0.0577,Sy1.8,1.86e+20
232,SWIFTJ0440.9+2741,2MASXJ04404770+2739466,70.1988,27.6630,0.0364,Sy1.5,3.14e+21
234,SWIFTJ0441.2-2704,IRAS04392-2713,70.3439,-27.1387,0.0804,Sy1.5,2.92e+20
235,SWIFTJ0441.8-0823,RHS25,70.4753,-8.4428,0.0440,Sy1.2,8.14e+20
236,SWIFTJ0443.9+2856,UGC3142,70.9450,28.9719,0.0215,Sy1.9,3.18e+21
237,SWIFTJ0444.1+2813,LEDA86269,71.0376,28.2169,0.0110,Sy1.9,3.20e+21
238,SWIFTJ0445.0-2816,LEDA745026,71.1571,-28.1651,0.1475,Sy1.8,2.72e+20
239,SWIFTJ0446.4+1828,UGC3157,71.6236,18.4609,0.0154,Sy1.9,3.08e+21
240,SWIFTJ0449.6-5515,2MASXJ04500193-5512404,72.5082,-55.2112,0.0216,Sy2,1.21e+20
242,SWIFTJ0451.4-0346,MCG-1-13-25,72.9230,-3.8093,0.0156,Sy1.5,4.08e+20
243,SWIFTJ0450.7-5813,RBS594,72.9334,-58.1834,0.0908,Sy1.5,1.60e+20
244,SWIFTJ0452.2+4933,LEDA168563,73.0199,49.5458,0.0290,Sy2,5.89e+21
245,SWIFTJ0453.4+0404,Z420-15,73.3572,4.0616,0.0290,Sy2,8.36e+20
246,SWIFTJ0454.6-4315,LEDA146662,73.6787,-43.2397,0.0868,Sy1.5,1.21e+20
247,SWIFTJ0456.3-7532,ESO33-2,73.9955,-75.5412,0.0188,Sy2,1.26e+21
249,SWIFTJ0459.9+2703,LEDA1797736,74.9837,27.1006,0.0615,Sy1.9,4.54e+21
250,SWIFTJ0459.7+3502,LEDA168924,74.9867,35.0484,0.0445,Sy1.9,5.10e+21
252,SWIFTJ0502.1+0332,LEDA75258,75.5377,3.5305,0.0160,Sy1.5,8.71e+20
254,SWIFTJ0503.0+2302,LEDA97068,75.7426,22.9977,0.0574,Sy1.2,3.64e+21
256,SWIFTJ0504.6-7345,2MASXJ05043414-7349269,76.1428,-73.8242,0.0449,Sy1.8,1.75e+21
257,SWIFTJ0505.6-6735,2MASXJ05052442-6734358,76.3515,-67.5765,0.0467,Sy2,2.93e+21
258,SWIFTJ0505.8-2351,LEDA178130,76.4405,-23.8539,0.0350,Sy2,2.35e+20
260,SWIFTJ0508.1+1727,2MASXJ05081967+1721483,77.0821,17.3633,0.0170,Sy2,3.11e+21
261,SWIFTJ0510.7+1629,IRAS05078+1626,77.6897,16.4995,0.0173,Sy1.5,3.15e+21
262,SWIFTJ0512.1-1830,ESO553-22,77.9908,-18.4939,0.0420,Sy2,4.12e+20
263,SWIFTJ0513.8+6627,Z307-7,78.3184,66.4640,0.0140,Sy2,1.40e+21
265,SWIFTJ0515.3+1854,2MASXJ05151978+1854515,78.8323,18.9144,0.0234,Sy2,3.64e+21
266,SWIFTJ0516.2-0009,Ark120,79.0475,-0.1498,0.0325,Sy1,1.40e+21
268,SWIFTJ0516.4-1034,MCG-2-14-9,79.0884,-10.5615,0.0289,Sy1,1.41e+21
269,SWIFTJ0501.9-3239,ESO362-18,79.8992,-32.6578,0.0125,Sy1.5,1.84e+20
270,SWIFTJ0519.5-4545,PictorA,79.9572,-45.7788,0.0350,Sy1.2,3.49e+20
272,SWIFTJ0521.0-2522,IRAS05189-2524,80.2558,-25.3626,0.0427,Sy1.2,1.80e+20
274,SWIFTJ0524.1-1210,LEDA17233,81.0288,-12.1691,0.0493,Sy1.2,1.48e+21
277,SWIFTJ0525.3-4600,ESO 253-G003,81.3255,-46.0056,0.0427,Sy1.5,4.03e+20
279,SWIFTJ0526.2-2118,ESO553-43,81.6136,-21.2866,0.0277,Sy2,3.90e+20
280,SWIFTJ0528.1-3933,LEDA17320,82.0085,-39.5791,0.0360,Sy1.5,2.15e+20
285,SWIFTJ0532.9+1343,2MASXJ05325752+1345092,83.2396,13.7525,0.0239,Sy1.5,3.76e+21
286,SWIFTJ0533.9-1318,MCG-2-15-4,83.4590,-13.3552,0.0288,Sy1.8,1.33e+21
291,SWIFTJ0535.4+4013,IRAS05320+4009,83.8839,40.1877,0.0200,Sy1.5,5.17e+21
301,SWIFTJ0543.9-2749,ESO424-12,85.8873,-27.6514,0.0090,Sy1.2,2.35e+20
302,SWIFTJ0544.4-4328,2MASXJ05440009-4325265,86.0004,-43.4241,0.0440,Sy2,4.51e+20
303,SWIFTJ0544.4+5909,2MASXJ05442257+5907361,86.0940,59.1267,0.0676,Sy1.9,2.68e+21
304,SWIFTJ0547.3+5042,LEDA97119,86.8121,50.6404,0.0360,Sy1.5,2.78e+21
305,SWIFTJ0548.4-4748,LEDA17883,87.1184,-47.7588,0.0507,Sy1.8,6.27e+20
308,SWIFTJ0552.2-0727,NGC2110,88.0474,-7.4562,0.0074,Sy1.5,2.98e+21
310,SWIFTJ0554.8+4625,UGC3374,88.7234,46.4394,0.0203,Sy1.5,2.97e+21
313,SWIFTJ0557.9-3822,H0557-385,89.5086,-38.3346,0.0330,Sy1.2,4.26e+20
314,SWIFTJ0559.8-5028,Q0558-504,89.9475,-50.4478,0.1374,Sy2,3.90e+20
315,SWIFTJ0600.7+0008,IRAS05581+0006,90.1671,0.1051,0.1140,Sy1.9,3.62e+21
316,SWIFTJ0602.2+2829,IRAS05589+2828,90.5436,28.4721,0.0330,Sy1.2,4.81e+21
317,SWIFTJ0602.5+6518,UGC3386,90.6583,65.3712,0.0170,Sy1.8,1.22e+21
318,SWIFTJ0606.0-2755,2MASXJ06054896-2754398,91.4540,-27.9111,0.0894,Sy1.2,2.63e+20
319,SWIFTJ0601.9-8636,ESO5-4,91.4219,-86.6316,0.0062,Sy1.2,1.53e+21
320,SWIFTJ0609.5-6245A,2MASXJ06100652-6243125,92.5273,-62.7201,0.1572,Sy1,5.24e+20
321,SWIFTJ0609.5-6245B,LEDA2816519,92.1613,-62.7879,0.0994,Sy1.5,5.26e+20
325,SWIFTJ0615.8+7101,Mrk3,93.9015,71.0375,0.0136,Sy1.9,1.55e+21
328,SWIFTJ0623.8+6445,1RXSJ062334.6+644542,95.8963,64.7601,0.0860,Sy1.5,1.06e+21
329,SWIFTJ0623.9-6058,ESO121-28,95.9398,-60.9790,0.0400,Sy2,4.83e+20
330,SWIFTJ0623.8-3215,ESO426-2,95.9434,-32.2165,0.0224,Sy2,4.52e+20
333,SWIFTJ0626.6+0729,LEDA136513,96.6126,7.4580,0.0432,Sy1,6.68e+21
334,SWIFTJ0626.6-3702,6dFJ0626585-370559,96.7441,-37.0996,0.0387,Sy1.5,9.11e+20
335,SWIFTJ0630.7+6342,UGC3478,98.1966,63.6737,0.0127,Sy1.5,9.25e+20
337,SWIFTJ0632.8+6343,VIIZw73,97.6065,63.6781,0.0410,Sy2,9.36e+20
338,SWIFTJ0634.7-7445,2MASSJ06340353-7446377,98.5148,-74.7771,0.1120,Sy1,1.14e+21
342,SWIFTJ0640.4-2554,ESO490-26,100.0490,-25.8953,0.0252,Sy1,1.43e+21
343,SWIFTJ0640.0-4737,SWIFT J064013.50-474132.9,100.0560,-47.6930,0.0573,Sy1.8,8.28e+20
344,SWIFTJ0640.1-4328,LEDA549777,100.1580,-43.3557,0.0610,Sy2,7.06e+20
345,SWIFTJ0641.3+3257,2MASXJ06411806+3249313,100.3250,32.8255,0.0486,Sy1.8,2.36e+21
346,SWIFTJ0645.9+5303,UGC3533,101.6110,53.0755,0.0350,Sy1.8,9.72e+20
347,SWIFTJ0651.9+7426,Mrk6,103.0510,74.4270,0.0187,Sy1.2,9.80e+20
348,SWIFTJ0654.6+0700,2MASSJ06543417+0703210,103.6420,7.0558,0.0232,Sy1.5,4.25e+21
349,SWIFTJ0655.8+3957,UGC3601,103.9560,40.0003,0.0172,Sy1.9,1.15e+21
350,SWIFTJ0656.4-4921,LEDA478026,104.0500,-49.3306,0.0410,Sy1.8,4.94e+20
353,SWIFTJ0659.3+2406,2MASXJ06591070+2401400,104.7940,24.0278,0.0912,Sy2,9.98e+20
354,SWIFTJ0701.3-3235,2MASXJ07011026-3234534,105.2930,-32.5814,0.0430,Sy1.5,2.33e+21
357,SWIFTJ0707.1+6433,VIIZw118,106.8050,64.5997,0.0800,Sy1,4.51e+20
358,SWIFTJ0709.0-4642,LEDA511628,107.1800,-46.7136,0.0468,Sy2,9.09e+20
360,SWIFTJ0709.4-3559,2MASXJ07091407-3601216,107.3090,-36.0228,0.1108,Sy2,3.00e+21
362,SWIFTJ0714.2+3518,UGC3752,108.5160,35.2793,0.0150,Sy1.9,6.70e+20
363,SWIFTJ0714.3+4541,Mrk376,108.5630,45.6989,0.0560,Sy1,1.14e+21
364,SWIFTJ0714.7-2521,SWIFT J0714.7-2521,108.6540,-25.2903,0.0423,Sy1.5,4.87e+21
366,SWIFTJ0718.1+4403,LEDA20607,109.5030,44.0909,0.0616,Sy1,1.09e+21
367,SWIFTJ0723.8-0804,1RXS J072352.4-080623,110.9710,-8.1040,0.1460,Sy1,4.86e+21
369,SWIFTJ0725.8+3000,Z147-20,111.4050,29.9542,0.0180,Sy1.8,7.20e+20
370,SWIFTJ0726.6-3552,LEDA96373,111.6100,-35.9061,0.0297,Sy2,3.97e+21
371,SWIFTJ0726.5+3659,2MASXJ07263532+3700028,111.6470,37.0008,0.1900,Sy1.2,6.66e+20
372,SWIFTJ0727.4-2408,1RXSJ072720.8-240629,111.8380,-24.1090,0.1220,Sy1.5,7.94e+21
376,SWIFTJ0733.2+4558,SDSSJ073309.19+455506.2,113.2880,45.9184,0.1416,Sy1,9.68e+20
378,SWIFTJ0736.9+5846,Mrk9,114.2380,58.7704,0.0390,Sy1.2,5.61e+20
379,SWIFTJ0739.7-3142,LEDA86063,114.9360,-31.7174,0.0262,Sy1.8,5.75e+21
380,SWIFTJ0741.4-5447,2MASXJ07410919-5447461,115.2880,-54.7960,0.1058,Sy1.5,1.40e+21
381,SWIFTJ0742.3+8024,3C184.1,115.7560,80.4406,0.1180,Sy1.9,3.48e+20
382,SWIFTJ0742.5+4948,Mrk79,115.6370,49.8097,0.0220,Sy1.5,6.61e+20
383,SWIFTJ0743.0+6513,Mrk78,115.6740,65.1771,0.0370,Sy1.9,3.88e+20
384,SWIFTJ0743.3-2546,LEDA86073,115.8110,-25.7640,0.0236,Sy1,7.24e+21
385,SWIFTJ0744.0+2914,UGC3995B,116.0380,29.2475,0.0160,Sy2,4.33e+20
389,SWIFTJ0747.5+6057,Mrk10,116.8710,60.9336,0.0290,Sy1.5,5.61e+20
390,SWIFTJ0747.6-7326,LEDA255906,116.9100,-73.4314,0.0360,Sy1.8,2.46e+21
394,SWIFTJ0752.2+1937,HS0749+1943,118.0740,19.5951,0.1173,Sy1.2,4.52e+20
395,SWIFTJ0753.1+4559,LEDA2272950,118.1840,45.9493,0.0510,Sy1.5,6.21e+20
397,SWIFTJ0756.3-4137,2MASXJ07561963-4137420,119.0820,-41.6284,0.0210,Sy1.2,5.33e+21
398,SWIFTJ0759.8-3844,2MASSJ07594181-3843560,119.9240,-38.7322,0.0405,Sy1,6.80e+21
399,SWIFTJ0800.5+2327,Z118-36,119.9730,23.3901,0.0293,Sy2,5.63e+20
400,SWIFTJ0800.1+2638,IC486,120.0870,26.6135,0.0269,Sy1.9,3.68e+20
402,SWIFTJ0801.9-4946,ESO209-12,120.4920,-49.7784,0.0400,Sy1.5,3.12e+21
403,SWIFTJ0803.4+0842,SDSSJ080327.38+084152.2,120.8640,8.6979,0.0471,Sy1.5,2.99e+20
404,SWIFTJ0804.2+0507,Mrk1210,121.0240,5.1139,0.0130,Sy2,3.75e+20
405,SWIFTJ0804.6+1045,UGC4211,121.1930,10.7767,0.0350,Sy2,2.38e+20
406,SWIFTJ0805.1-0110,2MASXJ08045299-0108476,121.2210,-1.1466,0.0913,Sy2,3.77e+20
408,SWIFTJ0807.9+3859,Mrk622,121.9210,39.0042,0.0230,Sy1.5,5.94e+20
409,SWIFTJ0810.9+7602,PG0804+761,122.7440,76.0451,0.1000,Sy1.5,3.51e+20
410,SWIFTJ0812.3-4004,1RXS J081215.2-400336,123.0580,-40.0567,0.0755,Sy1.2,8.60e+21
411,SWIFTJ0814.3+0423,Z31-72,123.6060,4.3425,0.0330,Sy1.5,3.48e+20
412,SWIFTJ0817.8+0251,1RXSJ081749.0+025104,124.4550,2.8498,0.1060,Sy1.2,3.72e+20
413,SWIFTJ0818.1+0120,2MASXJ08181469+0122266,124.5610,1.3742,0.0894,Sy1.9,4.37e+20
414,SWIFTJ0819.2-2259,LEDA80921,124.7410,-22.8767,0.0370,Sy1.2,1.61e+21
416,SWIFTJ0823.4-0457,Fairall272,125.7550,-4.9349,0.0210,Sy2,5.39e+20
418,SWIFTJ0830.1+4154,SDSSJ082942.65+415436.6,127.4280,41.9102,0.1264,Sy1.5,3.88e+20
419,SWIFTJ0830.4-6723,2MASXJ08301655-6725289,127.5690,-67.4248,0.0340,Sy1.5,1.20e+21
420,SWIFTJ0832.5+3703,RBS707,128.1060,37.1267,0.0922,Sy1.2,3.74e+20
423,SWIFTJ0838.4-3557,Fairall1146,129.6280,-35.9926,0.0310,Sy1.8,5.08e+21
425,SWIFTJ0839.6-1213,3C206,129.9610,-12.2429,0.1975,Sy1.2,6.72e+20
426,SWIFTJ0840.2+2947,4C+29.30,130.0100,29.8174,0.0650,Sy2,5.00e+20
429,SWIFTJ0842.0+0759,SDSSJ084205.57+075925.5,130.5230,7.9904,0.1341,Sy1.5,6.30e+20
430,SWIFTJ0843.5+3551,CASG218,130.9370,35.8284,0.0543,Sy2,3.24e+20
431,SWIFTJ0845.0-3531,1RXSJ084521.7-353048,131.3390,-35.5067,0.1370,Sy1,4.12e+21
432,SWIFTJ0845.3+1420,SDSSJ084518.51+142034.1,131.3270,14.3428,0.0609,Sy1.8,2.81e+20
433,SWIFTJ0854.3-0827,SWIFT J085429.35-082428.6,133.6220,-8.4076,0.1884,Sy1.5,3.23e+20
434,SWIFTJ0855.6+6425,MCG+11-11-32,133.8020,64.3960,0.0360,Sy2,6.24e+20
435,SWIFTJ0855.7-2856,2MASXJ08551746-2854218,133.8230,-28.9059,0.0730,Sy1.5,1.94e+21
436,SWIFTJ0856.0+7812,NGC2655,133.9080,78.2233,0.0040,Sy2,2.35e+20
437,SWIFTJ0859.5+4457,NGC2712,134.8770,44.9140,0.0060,Sy1.5,2.12e+20
439,SWIFTJ0902.0+6007,Mrk18,135.4930,60.1517,0.0113,Sy1.5,5.07e+20
440,SWIFTJ0902.7-6816,NGC2788A,135.6640,-68.2268,0.0130,Sy2,6.31e+20
441,SWIFTJ0902.7-4814,2MASXJ09023729-4813339,135.6550,-48.2261,0.0390,Sy2,1.02e+22
442,SWIFTJ0902.8-7414,2MASXJ09034285-7414170,135.9290,-74.2381,0.0910,Sy1.8,1.28e+21
443,SWIFTJ0904.3+5538,SDSSJ090436.96+553602.7,136.1540,55.6007,0.0374,Sy1.2,2.29e+20
446,SWIFTJ0911.2+4533,LEDA2265450,137.8750,45.4683,0.0270,Sy2,1.28e+20
447,SWIFTJ0917.2-6221,IRAS09149-6206,139.0390,-62.3249,0.0570,Sy1,2.48e+21
448,SWIFTJ0917.2-6457,2MASXJ09172716-6456271,139.3630,-64.9408,0.0860,Sy1.8,2.18e+21
449,SWIFTJ0918.5+1618,Mrk704,139.6080,16.3055,0.0290,Sy1.2,3.26e+20
450,SWIFTJ0919.2+5528,Mrk106,139.9810,55.3603,0.0492,Sy1.9,3.16e+20
451,SWIFTJ0920.1+3712,IC2461,139.9910,37.1910,0.0077,Sy2,1.12e+20
453,SWIFTJ0920.8-0805,MCG-1-24-12,140.1930,-8.0561,0.0190,Sy2,3.40e+20
455,SWIFTJ0923.7+2255,Z121-75,140.9290,22.9091,0.0334,Sy1.2,3.49e+20
456,SWIFTJ0924.2-3141,2MASXJ09235371-3141305,140.9740,-31.6919,0.0420,Sy1.8,1.96e+21
457,SWIFTJ0925.2-8423,LEDA97526,141.5740,-84.3593,0.0632,Sy1.8,1.32e+21
458,SWIFTJ0925.0+5218,Mrk110,141.3040,52.2862,0.0350,Sy1.5,1.35e+20
459,SWIFTJ0926.1+6931,2MASXJ09254750+6927532,141.4480,69.4649,0.0396,Sy1.2,7.78e+20
460,SWIFTJ0926.2+1244,Mrk705,141.5140,12.7344,0.0291,Sy1.5,3.61e+20
461,SWIFTJ0927.3+2301,NGC2885,141.8270,23.0201,0.0267,Sy1.5,3.13e+20
463,SWIFTJ0929.7+6232,Z312-12,142.4080,62.5441,0.0258,Sy2,3.54e+20
465,SWIFTJ0934.7-2156,ESO565-19,143.6810,-21.9278,0.0160,Sy2,4.96e+20
466,SWIFTJ0935.5+2616,SDSSJ093527.09+261709.6,143.8630,26.2860,0.1224,Sy1.2,1.71e+20
467,SWIFTJ0935.9+6120,UGC5101,143.9650,61.3533,0.0396,Sy1.5,3.33e+20
468,SWIFTJ0936.2-6553,2MASXJ09360622-6548336,144.0260,-65.8094,0.0392,Sy1.5,2.56e+21
470,SWIFTJ0942.2+2344,Z122-55,145.5200,23.6853,0.0216,Sy1.5,2.85e+20
471,SWIFTJ0945.6-1420,NGC2992,146.4250,-14.3263,0.0076,Sy1.8,5.89e+20
472,SWIFTJ0947.6-3057,MCG-5-23-16,146.9170,-30.9489,0.0080,Sy1.8,1.20e+21
473,SWIFTJ0947.7+0726,3C227,146.9380,7.4224,0.0863,Sy1.5,2.28e+20
474,SWIFTJ0950.5+7318,4C+73.08,147.4410,73.2397,0.0580,Sy2,2.33e+20
475,SWIFTJ0951.9-0649,NGC3035,147.9790,-6.8229,0.0145,Sy1.5,6.32e+20
476,SWIFTJ0952.3-6234,CXOJ095220.1-623234,148.0850,-62.5432,0.2520,Sy1.8,3.41e+21
477,SWIFTJ0955.5+6907,M81,148.8880,69.0652,-0.0001,Sy2,7.22e+20
480,SWIFTJ0959.5-2248,NGC3081,149.8730,-22.8263,0.0076,Sy1.8,4.63e+20
481,SWIFTJ0959.9+1303,NGC3080,149.9830,13.0439,0.0357,Sy1,3.18e+20
482,SWIFTJ0959.7-3112,LEDA154502,149.9280,-31.2162,0.0372,Sy1.5,7.74e+20
483,SWIFTJ1001.8+2848,3C234,150.4560,28.7858,0.1851,Sy1.8,1.87e+20
484,SWIFTJ1001.7+5543,NGC3079,150.4910,55.6798,0.0030,Sy2,9.06e+19
485,SWIFTJ1003.4-3726,ESO374-25,150.8480,-37.3958,0.0230,Sy1.2,1.34e+21
486,SWIFTJ1005.9-2305,ESO499-41,151.4810,-23.0569,0.0127,Sy1.5,5.64e+20
487,SWIFTJ1007.4+6534,1RXSJ100712.6+653511,151.8070,65.5836,0.1266,Sy1.2,4.70e+20
488,SWIFTJ1008.6-0955,LEDA154696,152.2020,-9.9141,0.0570,Sy1.2,6.56e+20
489,SWIFTJ1009.3-4250,ESO263-13,152.4510,-42.8112,0.0335,Sy2,1.56e+21
492,SWIFTJ1013.5-3601,Fairall1149,153.3330,-35.9826,0.0282,Sy2,1.21e+21
493,SWIFTJ1017.0-0404,LEDA1063109,154.3200,-4.0821,0.0408,Sy2,4.24e+20
494,SWIFTJ1020.5-0237A,SDSS J102103.08-023642.6,155.2630,-2.6118,0.2940,Sy2,4.63e+20
495,SWIFTJ1020.5-0237B,SDSSJ101958.58-023436.2,154.9940,-2.5767,0.0600,Sy1,4.50e+20
496,SWIFTJ1021.7-0327,Ark241,155.4180,-3.4538,0.0410,Sy1,4.77e+20
497,SWIFTJ1023.5+1952,NGC3227,155.8770,19.8651,0.0039,Sy1.5,2.13e+20
498,SWIFTJ1029.8-3821,ESO317-38,157.4400,-38.3486,0.0150,Sy1.8,7.63e+20
499,SWIFTJ1031.5-4205,ESO317-41,157.8460,-42.0606,0.0190,Sy2,1.25e+21
501,SWIFTJ1031.9-1418,HE1029-1401,157.9760,-14.2809,0.0852,Sy1,6.82e+20
502,SWIFTJ1031.7-3451,NGC3281,157.9670,-34.8537,0.0113,Sy2,8.94e+20
503,SWIFTJ1032.7-2835,ESO436-34,158.1860,-28.6102,0.0120,Sy2,5.19e+20
504,SWIFTJ1033.6+7303,Z333-38,158.5980,73.0140,0.0220,Sy2,7.80e+20
505,SWIFTJ1033.8+5257,SDSSJ103315.71+525217.8,158.3150,52.8716,0.1404,Sy2,1.37e+20
507,SWIFTJ1038.8-4942,2MASXJ10384520-4946531,159.6880,-49.7815,0.0600,Sy1.2,3.69e+21
509,SWIFTJ1040.7-4619,LEDA93974,160.0930,-46.4238,0.0237,Sy1.9,1.82e+21
510,SWIFTJ1041.4-1740,2MASXJ10410120-1734300,160.2550,-17.5749,0.0808,Sy2,4.94e+20
511,SWIFTJ1042.4+0046,SDSSJ104208.36+004206.1,160.5350,0.7017,0.0950,Sy1.9,4.76e+20
512,SWIFTJ1043.4+1105,SDSSJ104326.47+110524.2,160.8600,11.0901,0.0479,Sy1.5,2.69e+20
513,SWIFTJ1044.1+7024,Z333-49,161.0360,70.4053,0.0330,Sy2,2.81e+20
515,SWIFTJ1044.8+3812,UGC5856,161.2040,38.1812,0.0259,Sy2,1.32e+20
517,SWIFTJ1046.8+2556,UGC5881,161.6770,25.9316,0.0200,Sy2,2.80e+20
518,SWIFTJ1048.4-2511,NGC3393,162.0980,-25.1620,0.0120,Sy2,7.95e+20
519,SWIFTJ1049.4+2258,Mrk417,162.3790,22.9646,0.0329,Sy2,2.05e+20
520,SWIFTJ1051.2-1704A,NGC3431,162.8130,-17.0081,0.0175,Sy2,4.84e+20
521,SWIFTJ1051.2-1704B,LEDA32573,162.9060,-17.1247,0.0180,Sy1.5,4.77e+20
522,SWIFTJ1052.8+1043,SDSSJ105232.98+103620.0,163.1370,10.6055,0.0880,Sy1.9,2.48e+20
523,SWIFTJ1059.8+6507,SDSSJ105943.57+650406.4,164.9320,65.0685,0.0830,Sy2,2.10e+20
524,SWIFTJ1100.9+1104,Mrk728,165.2570,11.0471,0.0350,Sy1.8,2.16e+20
525,SWIFTJ1103.4+3731,SDSSJ110340.27+372925.3,165.9180,37.4904,0.0746,Sy1,1.72e+20
528,SWIFTJ1105.7+5854A,Z291-28,166.4960,58.9460,0.0478,Sy2,6.18e+19
529,SWIFTJ1105.7+5854B,2MASXJ11053754+5851206,166.4070,58.8558,0.1921,Sy1,6.21e+19
530,SWIFTJ1106.5+7234,NGC3516,166.6980,72.5686,0.0092,Sy1.5,4.04e+20
531,SWIFTJ1110.6-2832,ESO438-9,167.7000,-28.5010,0.0240,Sy1.2,6.43e+20
532,SWIFTJ1113.6+0936,Mrk732,168.4570,9.5863,0.0290,Sy1.5,2.40e+20
533,SWIFTJ1114.3+2020,2MASXJ11140245+2023140,168.5110,20.3883,0.0260,Sy2,1.46e+20
534,SWIFTJ1114.3+7944,MCG+13-8-56,168.6830,79.7267,0.0370,Sy2,4.23e+20
535,SWIFTJ1115.3+5423,2MASXJ11151992+5423167,168.8330,54.3879,0.0700,Sy2,8.06e+19
537,SWIFTJ1119.5+5132,SBS1116+518,169.9080,51.5543,0.0971,Sy1.5,1.32e+20
538,SWIFTJ1120.8-4316,ESO265-23,170.2000,-43.2640,0.0565,Sy1.2,1.03e+21
542,SWIFTJ1125.6+5423,Arp151,171.4010,54.3825,0.0209,Sy1.5,1.12e+20
543,SWIFTJ1126.7+3514,Mrk423,171.7020,35.2507,0.0320,Sy1.9,2.26e+20
544,SWIFTJ1127.5+1906,2MASXJ11271632+1909198,171.8180,19.1556,0.1058,Sy2,1.48e+20
548,SWIFTJ1132.7+5301,NGC3718,173.1450,53.0680,0.0036,Sy1.9,1.10e+20
549,SWIFTJ1132.9+1019A,IC2921,173.2050,10.2965,0.0439,Sy1.5,3.60e+20
552,SWIFTJ1136.0+2132,Mrk739E,174.1220,21.5961,0.0299,Sy1.2,2.14e+20
553,SWIFTJ1136.7-6007,2MASXJ11364205-6003070,174.1750,-60.0517,0.0149,Sy1.2,7.77e+21
554,SWIFTJ1138.9+2529A,LEDA1735060,174.6400,25.3981,0.0256,Sy2,2.30e+20
555,SWIFTJ1138.9+2529B,SDSSJ113915.13+253557.9,174.8130,25.5994,0.1552,Sy2,2.29e+20
556,SWIFTJ1139.1+5913,LEDA36114,174.7870,59.1986,0.0600,Sy1.5,9.75e+19
557,SWIFTJ1139.0-2323,HE1136-2304,174.7130,-23.3598,0.0270,Sy1.8,3.82e+20
558,SWIFTJ1139.0-3743,NGC3783,174.7570,-37.7386,0.0090,Sy1.5,1.41e+21
560,SWIFTJ1139.8+3157,NGC3786,174.9270,31.9094,0.0080,Sy1.9,2.17e+20
561,SWIFTJ1141.3+2156,PG1138+222,175.3170,21.9394,0.0636,Sy1.5,2.17e+20
562,SWIFTJ1142.2+1021,NGC3822,175.5460,10.2778,0.0200,Sy1.9,4.20e+20
565,SWIFTJ1144.1+3652,KUG1141+371,176.1240,36.8857,0.0386,Sy1.2,1.75e+20
566,SWIFTJ1143.7+7942,UGC6728,176.3160,79.6815,0.0060,Sy1.2,5.55e+20
567,SWIFTJ1145.6-1819,HE1143-1810,176.4190,-18.4541,0.0327,Sy1.5,3.46e+20
568,SWIFTJ1145.2+5905,UGC6732,176.3880,58.9782,0.0083,Sy1.8,1.38e+20
572,SWIFTJ1148.3+0901,RBS1035,176.9790,9.0413,0.0692,Sy1.5,2.13e+20
573,SWIFTJ1148.7+2941,MCG+5-28-32,177.1910,29.6412,0.0230,Sy2,1.65e+20
574,SWIFTJ1149.3-0414,LEDA1060433,177.3280,-4.2808,0.0854,Sy1.2,2.36e+20
575,SWIFTJ1149.3+5307,SDSSJ114921.52+532013.4,177.3400,53.3370,0.0954,Sy1.5,1.53e+20
576,SWIFTJ1152.1-1122,PG1149-110,178.0150,-11.3734,0.0487,Sy1.5,3.48e+20
577,SWIFTJ1152.6-0512,MCG-1-30-41,178.1590,-5.2070,0.0194,Sy1.5,2.37e+20
579,SWIFTJ1157.8+5529,NGC3998,179.4840,55.4536,0.0039,Sy1.2,1.05e+20
580,SWIFTJ1158.9+4234,IC751,179.7190,42.5703,0.0310,Sy1.9,1.28e+20
581,SWIFTJ1159.7-2002,CTS306,179.9210,-19.9902,0.4500,Sy1.9,3.76e+20
582,SWIFTJ1200.8+0650,Z41-20,180.2410,6.8064,0.0362,Sy2,1.23e+20
583,SWIFTJ1201.2-0341,Mrk1310,180.3100,-3.6782,0.0197,Sy1.5,2.74e+20
584,SWIFTJ1200.2-5350,LEDA38038,180.6990,-53.8355,0.0280,Sy1.8,2.23e+21
585,SWIFTJ1203.0+4433,NGC4051,180.7900,44.5313,0.0025,Sy1.5,1.20e+20
586,SWIFTJ1204.5+2019,NGC4074,181.1240,20.3163,0.0229,Sy1.9,2.52e+20
587,SWIFTJ1204.8+2758,PG1202+282,181.1750,27.9033,0.1658,Sy1.2,1.88e+20
588,SWIFTJ1204.9+3105,UGC7064,181.1810,31.1773,0.0252,Sy1.9,1.42e+20
589,SWIFTJ1205.8+4959,LEDA2359832,181.4830,49.9990,0.0634,Sy1.5,2.13e+20
590,SWIFTJ1206.2+5243,NGC4102,181.5960,52.7110,0.0028,Sy2,1.78e+20
591,SWIFTJ1207.5+3355,B21204+34,181.8870,33.8778,0.0793,Sy2,1.42e+20
592,SWIFTJ1209.5+4702,Mrk198,182.3090,47.0584,0.0244,Sy2,1.75e+20
593,SWIFTJ1209.4+4340,NGC4138,182.3740,43.6853,0.0033,Sy1.9,1.30e+20
594,SWIFTJ1210.1-4637,CSRG644,182.5170,-46.6075,0.0319,Sy1.5,1.04e+21
595,SWIFTJ1210.5+3924,NGC4151,182.6360,39.4058,0.0036,Sy1.5,2.50e+20
596,SWIFTJ1210.7+3819,Z215-46,182.6840,38.3362,0.0233,Sy1.5,1.96e+20
597,SWIFTJ1211.3-3935,LEDA157443,182.8100,-39.5574,0.0610,Sy1.8,9.09e+20
599,SWIFTJ1212.9+0702,NGC4180,183.2630,7.0389,0.0070,Sy1.9,1.46e+20
600,SWIFTJ1213.1+3239A,Z187-22,183.2890,32.5964,0.0240,Sy2,1.10e+20
604,SWIFTJ1213.9-0531,HE1211-0513,183.4770,-5.5054,0.0686,Sy1.2,4.11e+20
605,SWIFTJ1214.3+2933,Was49b,183.5740,29.5287,0.0630,Sy1.8,1.88e+20
606,SWIFTJ1217.2-2611,ESO505-30,184.2380,-26.2092,0.0397,Sy2,8.93e+20
607,SWIFTJ1217.3+0714,NGC4235,184.2910,7.1916,0.0080,Sy1.2,1.53e+20
608,SWIFTJ1218.5+2952,NGC4253,184.6100,29.8129,0.0120,Sy1.5,1.89e+20
609,SWIFTJ1219.4+4720,NGC4258,184.7400,47.3040,0.0016,Sy1.9,1.67e+20
611,SWIFTJ1222.4+7520,Mrk205,185.4340,75.3106,0.0711,Sy1,3.16e+20
613,SWIFTJ1223.7+0238,Mrk50,185.8510,2.6790,0.0239,Sy1,1.66e+20
615,SWIFTJ1225.8+1240,NGC4388,186.4450,12.6622,0.0080,Sy1.9,2.87e+20
616,SWIFTJ1202.5+3332,NGC4395,186.4540,33.5469,0.0010,Sy1.8,1.93e+20
621,SWIFTJ1231.4+5758,NGC4500,187.8420,57.9646,0.0100,Sy2,8.57e+19
622,SWIFTJ1232.0-4802,2MASXJ12313717-4758019,187.9050,-47.9672,0.0280,Sy1.5,1.39e+21
623,SWIFTJ1232.1+2009,Mrk771,188.0150,20.1582,0.0641,Sy1.2,3.04e+20
624,SWIFTJ1232.0-4219,1RXSJ123212.3-421745,188.0500,-42.2974,0.1004,Sy1.5,1.03e+21
626,SWIFTJ1235.6-3954,NGC4507,188.9030,-39.9093,0.0117,Sy1.8,9.53e+20
628,SWIFTJ1238.6+0928,2MASXJ12384342+0927362,189.6810,9.4602,0.0829,Sy2,1.53e+20
629,SWIFTJ1238.9-2720,ESO506-27,189.7270,-27.3078,0.0244,Sy1.8,6.83e+20
630,SWIFTJ1239.3-1611,LEDA170194,189.7760,-16.1798,0.0364,Sy2,3.45e+20
631,SWIFTJ1239.6-0519,NGC4593,189.9140,-5.3442,0.0090,Sy1.5,2.05e+20
632,SWIFTJ1240.2+3457A,Mrk653,189.9650,34.9749,0.0430,Sy2,1.47e+20
633,SWIFTJ1240.2+3457B,NGC4619,190.4360,35.0627,0.0230,Sy1.5,1.44e+20
634,SWIFTJ1240.9-3331,ESO381-7,190.1960,-33.5699,0.0550,Sy1.5,7.64e+20
635,SWIFTJ1240.9+2735,KUG1238+278A,190.1930,27.5650,0.0568,Sy1.5,1.28e+20
636,SWIFTJ1241.6-5748,LEDA166252,190.3570,-57.8343,0.0248,Sy1.5,4.45e+21
638,SWIFTJ1246.6+5435,NGC4686,191.6660,54.5343,0.0168,Sy2,1.40e+20
639,SWIFTJ1248.2-5828,2MASXJ12475784-5829599,191.9910,-58.5001,0.0280,Sy2,4.40e+21
641,SWIFTJ1252.3-1323,NGC4748,193.0520,-13.4148,0.0140,Sy1.5,4.16e+20
643,SWIFTJ1253.5-4137,ESO323-32,193.3350,-41.6356,0.0163,Sy2,1.20e+21
644,SWIFTJ1255.0-2657,CTS18,193.7350,-26.9505,0.0591,Sy1.2,8.50e+20
648,SWIFTJ1300.1+1635,SDSSJ130005.35+163214.8,195.0220,16.5375,0.0800,Sy1.9,2.17e+20
651,SWIFTJ1302.9+1620,Mrk783,195.7450,16.4077,0.0670,Sy1.5,2.04e+20
652,SWIFTJ1303.8+5345,MCG+9-21-96,195.9980,53.7916,0.0304,Sy1.2,1.78e+20
653,SWIFTJ1304.3-0532,NGC4941,196.0550,-5.5516,0.0039,Sy1.9,2.41e+20
654,SWIFTJ1304.3-1022,NGC4939,196.0600,-10.3395,0.0107,Sy1.9,3.83e+20
655,SWIFTJ1305.4-4928,NGC4945,196.3640,-49.4680,0.0019,Sy1.9,2.17e+21
657,SWIFTJ1306.4-4025A,ESO323-77,196.6090,-40.4146,0.0158,Sy1.2,1.11e+21
658,SWIFTJ1306.4-4025B,ESO323-81,196.8000,-40.4076,0.0168,Sy1.9,1.09e+21
659,SWIFTJ1309.2+1139,NGC4992,197.2730,11.6341,0.0250,Sy2,2.10e+20
662,SWIFTJ1310.7+0834,SDSSJ131057.25+083738.4,197.7390,8.6273,0.0520,Sy2,2.38e+20
663,SWIFTJ1313.1-1108,HE1310-1051,198.2740,-11.1284,0.0346,Sy1.5,3.07e+20
664,SWIFTJ1313.6+3650A,RXJ1313.8+3653,198.4540,36.8994,0.0672,Sy1.5,1.14e+20
665,SWIFTJ1313.6+3650B,NGC5033,198.3640,36.5939,0.0028,Sy1.5,1.10e+20
666,SWIFTJ1315.8+4420,Mrk248,198.8220,44.4072,0.0360,Sy1.5,1.57e+20
667,SWIFTJ1316.9-7155,2MASXJ13165424-7155270,199.2260,-71.9242,0.0705,Sy1.2,2.72e+21
669,SWIFTJ1321.2+0859,LEDA46599,200.2480,8.9784,0.0325,Sy1.5,1.84e+20
670,SWIFTJ1322.2-1641,MCG-3-34-64,200.6020,-16.7284,0.0170,Sy1.8,6.44e+20
671,SWIFTJ1325.4-4301,CenA,201.3650,-43.0192,0.0014,Sy1.8,1.17e+21
674,SWIFTJ1331.2-2524,ESO509-38,202.8080,-25.4028,0.0260,Sy1.5,5.95e+20
676,SWIFTJ1332.0-7754,ESO21-4,203.1690,-77.8446,0.0098,Sy1.2,1.69e+21
677,SWIFTJ1333.5-3401,ESO383-18,203.3590,-34.0148,0.0129,Sy1.8,4.88e+20
678,SWIFTJ1334.8-2328,ESO 509-IG 066,203.6650,-23.4465,0.0343,Sy1.8,9.45e+20
679,SWIFTJ1336.0+0304,NGC5231,203.9510,2.9989,0.0210,Sy2,2.03e+20
680,SWIFTJ1335.8-3416,MCG-6-30-15,203.9740,-34.2956,0.0078,Sy1.5,4.74e+20
682,SWIFTJ1338.2+0433,NGC5252,204.5660,4.5427,0.0230,Sy1.9,2.33e+20
683,SWIFTJ1341.2-1439,HE1338-1423,205.3040,-14.6445,0.0415,Sy1.2,6.21e+20
684,SWIFTJ1341.5+6742,NGC5283,205.2740,67.6722,0.0109,Sy1.8,1.41e+20
685,SWIFTJ1341.2+3023,Mrk268,205.2960,30.3781,0.0406,Sy1.9,1.43e+20
686,SWIFTJ1341.9+3537,NGC5273,205.5350,35.6543,0.0038,Sy1.5,9.42e+19
687,SWIFTJ1344.7+1934,Z102-48,206.0650,19.5666,0.0260,Sy2,1.78e+20
688,SWIFTJ1345.5+4139,NGC5290,206.3300,41.7124,0.0080,Sy1.5,9.61e+19
689,SWIFTJ1346.4+1924,SDSSJ134628.41+192243.2,206.6180,19.3787,0.0847,Sy1.2,1.97e+20
692,SWIFTJ1347.4-6033,4U1344-60,206.9000,-60.6177,0.0130,Sy1,1.30e+22
693,SWIFTJ1347.7+0212,SDSSJ134718.79+021057.5,206.8280,2.1827,0.1090,Sy1.2,1.83e+20
694,SWIFTJ1349.3-3018,IC4329A,207.3300,-30.3095,0.0159,Sy1.5,5.60e+20
695,SWIFTJ1349.7+0209,UM614,207.4700,2.0792,0.0331,Sy1.5,1.95e+20
696,SWIFTJ1351.5-1814,CTS103,207.8730,-18.2295,0.0122,Sy1.2,8.84e+20
697,SWIFTJ1352.8+6917,Mrk279,208.2640,69.3082,0.0306,Sy1.2,1.59e+20
698,SWIFTJ1353.7-1122,2MASXJ13532820-1123055,208.3680,-11.3850,0.0687,Sy1.9,4.62e+20
699,SWIFTJ1354.1-3748,Tol113,208.5640,-37.7759,0.0506,Sy1.8,7.87e+20
700,SWIFTJ1354.5+1326,SDSSJ135429.05+132757.2,208.6210,13.4659,0.0630,Sy2,1.87e+20
701,SWIFTJ1355.6+3524,SDSSJ135533.83+352057.8,208.8910,35.3494,0.1021,Sy2,1.27e+20
702,SWIFTJ1356.1+3832,Mrk464,208.9730,38.5746,0.0506,Sy1.5,1.50e+20
703,SWIFTJ1355.9+1822,Mrk463,209.0120,18.3717,0.0500,Sy1.8,2.20e+20
704,SWIFTJ1356.6-1932,ESO578-9,209.1530,-19.5291,0.0350,Sy1.5,8.06e+20
707,SWIFTJ1408.1-3024,LEDA50427,212.0280,-30.3983,0.0235,Sy1.5,4.42e+20
710,SWIFTJ1410.9-4229,2MASXJ14104482-4228325,212.6870,-42.4758,0.0339,Sy2,7.26e+20
711,SWIFTJ1412.9-6522,CircinusGalaxy,213.2920,-65.3391,0.0015,Sy2,7.02e+21
712,SWIFTJ1413.2-0312,NGC5506,213.3120,-3.2077,0.0060,Sy1.8,4.89e+20
713,SWIFTJ1416.9-1158,LEDA126226,214.2080,-11.9828,0.0991,Sy1,7.07e+20
714,SWIFTJ1416.9-4640,LEDA511869,214.2650,-46.6948,0.0760,Sy1.5,1.19e+21
715,SWIFTJ1417.7+6143,SDSSJ141742.94+614152.5,214.4290,61.6980,0.1180,Sy1.5,1.89e+20
717,SWIFTJ1417.9+2507,NGC5548,214.4980,25.1369,0.0173,Sy1.5,1.64e+20
719,SWIFTJ1419.0-2639,ESO511-30,214.8430,-26.6448,0.0230,Sy1,5.89e+20
722,SWIFTJ1421.4+4747,LEDA140305,215.3740,47.7902,0.0720,Sy1.2,1.73e+20
723,SWIFTJ1424.2+2435,NGC5610,216.0960,24.6142,0.0171,Sy2,2.05e+20
726,SWIFTJ1427.5+1949,Mrk813,216.8540,19.8312,0.1110,Sy1,2.90e+20
728,SWIFTJ1429.2+0118,Mrk1383,217.2770,1.2850,0.0866,Sy1,2.89e+20
730,SWIFTJ1431.2+2816,Mrk684,217.7700,28.2873,0.0462,Sy1,1.58e+20
731,SWIFTJ1432.8-4412,NGC5643,218.1700,-44.1744,0.0042,Sy2,1.24e+21
733,SWIFTJ1433.9+0528,NGC5674,218.4680,5.4584,0.0240,Sy1.9,2.75e+20
734,SWIFTJ1434.9+4837,NGC5683,218.7190,48.6619,0.0369,Sy1.2,3.15e+20
735,SWIFTJ1436.4+5846,Mrk817,219.0920,58.7943,0.0310,Sy1.2,1.17e+20
736,SWIFTJ1436.8-1615,HE1434-1600,219.2070,-16.2281,0.1444,Sy1.2,1.09e+21
737,SWIFTJ1439.2+1417,SDSSJ143911.86+141522.0,219.7990,14.2561,0.0710,Sy2,1.50e+20
738,SWIFTJ1441.4+5341,Mrk477,220.1590,53.5044,0.0377,Sy1.9,1.09e+20
739,SWIFTJ1442.5-1715,NGC5728,220.5990,-17.2530,0.0090,Sy1.9,1.00e+21
740,SWIFTJ1445.6+2702,Z164-19,221.4040,27.0349,0.0290,Sy1.9,2.71e+20
741,SWIFTJ1446.7-6416,1RXSJ144628.3-641627,221.6170,-64.2732,0.0525,Sy1.9,5.27e+21
744,SWIFTJ1448.7-4009,WISEJ144850.99-400845.6,222.2120,-40.1460,0.1240,Sy1,1.00e+21
745,SWIFTJ1449.5+8602,2MASXJ14545815+8554589,223.7410,85.9164,0.1120,Sy1.9,8.68e+20
746,SWIFTJ1451.0-5540A,LEDA3079667,222.8880,-55.6773,0.0180,Sy1.9,6.08e+21
747,SWIFTJ1451.0-5540B,LEDA3085605,222.3030,-55.6057,0.0185,Sy2,5.87e+21
748,SWIFTJ1453.3+2558,SDSSJ145307.92+255433.0,223.2830,25.9092,0.0488,Sy1,3.66e+20
750,SWIFTJ1454.9-5133,LEDA3076910,223.8230,-51.5709,0.0166,Sy1.2,4.34e+21
751,SWIFTJ1457.8-4308,IC4518A,224.4220,-43.1321,0.0163,Sy1.8,1.31e+21
753,SWIFTJ1504.2+1025,Mrk841,226.0050,10.4377,0.0360,Sy1.2,2.46e+20
754,SWIFTJ1506.7+0353A,Mrk1392,226.4860,3.7073,0.0362,Sy1.5,4.41e+20
755,SWIFTJ1506.7+0353B,2MASXJ15064412+0351444,226.6840,3.8620,0.0370,Sy2,4.31e+20
757,SWIFTJ1508.8-0013,Mrk1393,227.2250,-0.1970,0.0545,Sy1.9,5.84e+20
760,SWIFTJ1512.0-2119,IRAS15091-2107,227.9990,-21.3171,0.0440,Sy1.5,1.22e+21
762,SWIFTJ1512.2-1053B,2MASXJ15120505-1046356,228.0210,-10.7766,0.1662,Sy2,1.13e+21
765,SWIFTJ1513.8-8125,2MASXJ15144217-8123377,228.6750,-81.3939,0.0685,Sy1.2,1.71e+21
766,SWIFTJ1515.0+4205,NGC5899,228.7640,42.0498,0.0080,Sy2,1.94e+20
767,SWIFTJ1519.6+6538,Z319-7,229.8900,65.5996,0.0440,Sy1.8,2.87e+20
769,SWIFTJ1521.8+0334,SDSSJ152139.66+033729.2,230.4150,3.6248,0.1265,Sy1.2,4.06e+20
770,SWIFTJ1523.5+6340,LEDA2821626,230.9410,63.6568,0.2049,Sy1.5,1.56e+20
771,SWIFTJ1530.0-1300,LEDA944345,232.4930,-13.0110,0.1030,Sy1.8,1.35e+21
772,SWIFTJ1533.2-0836,MCG-1-40-1,233.3360,-8.7005,0.0233,Sy1.8,1.20e+21
774,SWIFTJ1535.9+5751,Mrk290,233.9680,57.9026,0.0306,Sy1.5,1.83e+20
776,SWIFTJ1542.0-1410,2MASXJ15422399-1411055,235.6000,-14.1849,0.0969,Sy1.8,1.47e+21
778,SWIFTJ1546.3+6928,LEDA2730634,236.6010,69.4862,0.0375,Sy2,3.47e+20
779,SWIFTJ1547.5+2050,3C323.1,236.9310,20.8713,0.2647,Sy1,4.43e+20
783,SWIFTJ1548.5-1344,NGC5995,237.1040,-13.7576,0.0250,Sy1.5,1.57e+21
785,SWIFTJ1553.6+2347,LEDA1694100,238.4320,23.8071,0.1150,Sy1.9,4.99e+20
786,SWIFTJ1553.6+2606,SDSSJ155334.73+261441.4,238.3950,26.2449,0.1660,Sy1.9,4.94e+20
787,SWIFTJ1557.8-7913,PKS1549-79,239.2450,-79.2345,0.1516,Sy1.8,1.49e+21
792,SWIFTJ1605.9-7250,LEDA259433,241.3470,-72.8990,0.0693,Sy2,1.08e+21
793,SWIFTJ1607.2+4834,SDSSJ160713.91+483326.2,241.8080,48.5573,0.1250,Sy1.5,1.63e+20
794,SWIFTJ1607.4+8502,LEDA100168,241.8510,85.0297,0.1830,Sy1.2,8.80e+20
795,SWIFTJ1613.2-6043,LEDA2793282,242.9640,-60.6320,0.0155,Sy1.5,2.91e+21
797,SWIFTJ1614.0+6544,Mrk876,243.4880,65.7194,0.1291,Sy1,2.62e+20
800,SWIFTJ1617.8+3223,3C332,244.4270,32.3762,0.1512,Sy1.2,1.91e+20
801,SWIFTJ1618.7-5930,LEDA3078020,244.6520,-59.4548,0.0350,Sy1,3.25e+21
804,SWIFTJ1621.2+8104,Z367-9,244.8300,81.0465,0.0240,Sy1.8,5.33e+20
810,SWIFTJ1626.7+8530,VIIZw653,246.3580,85.4949,0.0648,Sy1.2,9.72e+20
811,SWIFTJ1628.1+5145,Mrk1498,247.0170,51.7754,0.0557,Sy1.9,1.96e+20
815,SWIFTJ1629.9+6722,Mrk885,247.4520,67.3783,0.0272,Sy1.5,4.47e+20
816,SWIFTJ1630.5+3925,IRAS16288+3929,247.6360,39.3842,0.0300,Sy1.9,9.58e+19
817,SWIFTJ1631.7+2353,SDSSJ163115.52+235257.4,247.8150,23.8827,0.0590,Sy1.9,4.43e+20
823,SWIFTJ1635.0-5804,ESO137-34,248.8080,-58.0800,0.0091,Sy2,3.60e+21
828,SWIFTJ1643.2+7036,NGC6232,250.8340,70.6326,0.0140,Sy1.8,6.45e+20
833,SWIFTJ1648.0-3037,2MASXJ16481523-3035037,252.0640,-30.5845,0.0315,Sy1.5,2.88e+21
836,SWIFTJ1650.5+0434,LEDA214543,252.6780,4.6051,0.0321,Sy2,8.52e+20
837,SWIFTJ1652.0-5915A,ESO138-1,252.8340,-59.2345,0.0091,Sy2,2.08e+21
838,SWIFTJ1652.0-5915B,NGC6221,253.1930,-59.2170,0.0047,Sy2,1.99e+21
839,SWIFTJ1652.3+5554,UGC10593,253.0790,55.9056,0.0292,Sy2,1.74e+20
841,SWIFTJ1652.9+0223,NGC6240,253.2450,2.4010,0.0244,Sy2,6.26e+20
842,SWIFTJ1653.2+2352,SDSSJ165315.05+234942.9,253.3130,23.8286,0.1036,Sy2,5.01e+20
846,SWIFTJ1656.1-5200,1RXSJ165605.6-520345,254.0230,-52.0614,0.0540,Sy1,3.85e+21
862,SWIFTJ1708.6+2155,SDSSJ170859.13+215308.1,257.2460,21.8856,0.0728,Sy1.2,6.48e+20
875,SWIFTJ1717.1-6249,NGC6300,259.2480,-62.8206,0.0033,Sy2,1.06e+21
876,SWIFTJ1719.7+4900,ARP102B,259.8100,48.9804,0.0248,Sy1.5,1.77e+20
880,SWIFTJ1721.7+4316,RBS1640,260.5080,43.2567,0.1393,Sy1.2,2.05e+20
882,SWIFTJ1723.2+3418,4C+34.47,260.8370,34.2994,0.2056,Sy1.2,3.36e+20
883,SWIFTJ1723.5+3630,RBS1645,260.8470,36.5028,0.0280,Sy1.5,4.52e+20
888,SWIFTJ1731.3+1442,2MASXJ17311341+1442561,262.8060,14.7155,0.0826,Sy1.2,8.76e+20
894,SWIFTJ1733.3+3635,2MASXJ17333689+3631319,263.4040,36.5255,0.0437,Sy1.9,3.46e+20
896,SWIFTJ1737.5-2908,1RXSJ173728.0-290759,264.3680,-29.1339,0.0218,Sy1.9,9.01e+21
898,SWIFTJ1737.7-5956B,ESO139-12,264.4130,-59.9407,0.0170,Sy1.5,7.93e+20
905,SWIFTJ1741.9-1211,1RXSJ174155.3-121157,265.4800,-12.1990,0.0376,Sy1,3.42e+21
907,SWIFTJ1742.2+1833,Q1739+184,265.5290,18.4559,0.1861,Sy1,6.88e+20
909,SWIFTJ1743.4+6253,Z300-62,265.8230,62.8392,0.0330,Sy1.9,3.27e+20
912,SWIFTJ1745.4+2906,1RXSJ174538.1+290823,266.4090,29.1395,0.1100,Sy1.8,6.13e+20
923,SWIFTJ1747.7-2253,2MASS J17472972-2252448,266.8730,-22.8788,0.0470,Sy1.8,4.45e+21
924,SWIFTJ1747.8+6837A,Mrk507,267.1600,68.7045,0.0550,Sy1,4.56e+20
925,SWIFTJ1747.8+6837B,2MASS J17465953+6836303,266.7480,68.6085,0.0630,Sy1.5,4.62e+20
929,SWIFTJ1748.8-3257,2MASSJ17485512-3254521,267.2300,-32.9146,0.0200,Sy1.5,5.80e+21
935,SWIFTJ1751.8-6019,2MASXJ17515581-6019430,267.9830,-60.3287,0.1120,Sy1.8,9.35e+20
942,SWIFTJ1800.3+6637,NGC6552,270.0300,66.6151,0.0260,Sy2,4.54e+20
948,SWIFTJ1802.8-1455,2MASXiJ1802473-145454,270.6970,-14.9152,0.0342,Sy1.2,5.93e+21
950,SWIFTJ1807.9+1124,LEDA2808003,271.9580,11.3470,0.0774,Sy1.5,1.10e+21
960,SWIFTJ1816.0+4236,MCG+7-37-31,274.0490,42.6616,0.0410,Sy1.8,3.60e+20
967,SWIFTJ1822.0+6421,Q1821+643,275.4880,64.3434,0.2968,Sy1,3.93e+20
968,SWIFTJ1821.6+5953,2MASXJ18212680+5955209,275.3620,59.9225,0.0990,Sy2,3.92e+20
970,SWIFTJ1824.3-5624,IC4709,276.0810,-56.3691,0.0169,Sy2,9.98e+20
971,SWIFTJ1824.2+1845,CGMW5-03333,276.0450,18.7691,0.0663,Sy1.9,2.74e+21
974,SWIFTJ1825.7+7215,LEDA61865,276.3740,72.1511,0.1106,Sy1.9,6.15e+20
976,SWIFTJ1826.1-0710,CXO J182557.5-071022,276.4900,-7.1730,0.0370,Sy1.9,7.68e+21
978,SWIFTJ1826.8+3254,LEDA3097193,276.6350,32.8582,0.0220,Sy2,8.35e+20
981,SWIFTJ1830.8+0928,CGMW5-04382,277.7110,9.4783,0.0190,Sy1.5,2.50e+21
984,SWIFTJ1835.0+3240,3C382,278.7640,32.6963,0.0583,Sy1.2,8.96e+20
986,SWIFTJ1836.9-5924,Fairall49,279.2430,-59.4023,0.0198,Sy1.5,8.36e+20
988,SWIFTJ1838.4-6524,ESO103-35,279.5850,-65.4276,0.0133,Sy1.8,7.22e+20
994,SWIFTJ1842.0+7945,3C390.3,280.5380,79.7714,0.0557,Sy1.2,4.41e+20
995,SWIFTJ1844.5-6221,Fairall51,281.2250,-62.3647,0.0140,Sy1.5,9.57e+20
998,SWIFTJ1845.4+7211,Z341-6,281.3590,72.1837,0.0460,Sy2,6.97e+20
1000,SWIFTJ1852.2+8424A,SWIFT J185024.2+842240,282.6050,84.3791,0.1831,Sy1.5,7.20e+20
1001,SWIFTJ1852.2+8424B,1RXS J184642.2+842506,281.7070,84.4181,0.2254,Sy1.2,7.27e+20
1002,SWIFTJ1848.0-7832,LEDA89032,281.7620,-78.5304,0.0740,Sy1.2,1.26e+21
1007,SWIFTJ1852.8+3002,GALEXASC J185249.68+300425.8,283.2060,30.0742,0.0570,Sy1.9,2.17e+21
1009,SWIFTJ1856.5-7851,Fairall189,283.6680,-78.8983,0.0289,Sy1.2,1.32e+21
1013,SWIFTJ1856.1+1539,SSTSL2J185600.55+153758.4,284.0020,15.6329,0.0847,Sy1.2,4.98e+21
1015,SWIFTJ1856.6-5443,2MASXJ18564935-5442298,284.2060,-54.7083,0.0560,Sy1.2,7.78e+20
1016,SWIFTJ1856.2-7829,LEDA140831,284.2820,-78.4725,0.0420,Sy1.5,1.31e+21
1020,SWIFTJ1903.9+3349,UGC11397,285.9550,33.8448,0.0151,Sy1.9,9.99e+20
1021,SWIFTJ1905.4+4231,Z229-15,286.3580,42.4610,0.0291,Sy1.2,7.43e+20
1027,SWIFTJ1913.3-5010,ESO231-26,288.3110,-50.1829,0.0620,Sy2,6.59e+20
1031,SWIFTJ1919.4-2958,LEDA2829969,289.8670,-29.9689,0.1672,Sy1.5,1.13e+21
1032,SWIFTJ1921.1-5842,ESO141-55,290.3090,-58.6703,0.0360,Sy1.2,6.50e+20
1036,SWIFTJ1925.0+5041,2E1923.7+5037,291.2590,50.7205,0.0673,Sy1.2,1.07e+21
1037,SWIFTJ1926.9+4140,2MASXJ19263018+4133053,291.6260,41.5514,0.0710,Sy1.5,1.25e+21
1040,SWIFTJ1930.5+3414,2MASXJ19301380+3410495,292.5570,34.1804,0.0629,Sy1.8,2.48e+21
1041,SWIFTJ1933.9+3258,2MASSJ19334715+3254259,293.4470,32.9072,0.0570,Sy1.2,3.38e+21
1042,SWIFTJ1937.5-0613,LEDA90334,294.3880,-6.2180,0.0106,Sy1.5,1.91e+21
1043,SWIFTJ1938.1-5108,CTS61,294.5180,-51.1638,0.0400,Sy1.5,4.48e+20
1045,SWIFTJ1940.4-3015,LEDA2817164,295.0630,-30.2642,0.0530,Sy1.2,1.30e+21
1046,SWIFTJ1942.6-1024,NGC6814,295.6690,-10.3236,0.0058,Sy1.2,1.48e+21
1049,SWIFTJ1947.3+4447,2MASXJ19471938+4449425,296.8310,44.8284,0.0530,Sy2,2.75e+21
1051,SWIFTJ1952.4+0237,3C403,298.0660,2.5067,0.0590,Sy2,1.95e+21
1057,SWIFTJ1959.4+4044,CygnusA,299.8680,40.7339,0.0566,Sy2,4.14e+21
1060,SWIFTJ2001.0-1811,LEDA63981,300.2320,-18.1743,0.0370,Sy1.9,1.13e+21
1062,SWIFTJ2006.5+5619,2MASXJ20063331+5620364,301.6390,56.3436,0.0430,Sy2,2.93e+21
1063,SWIFTJ2007.0-3433,CTS28,301.7410,-34.5485,0.0252,Sy1.2,9.40e+20
1064,SWIFTJ2009.0-6103,NGC6860,302.1950,-61.1000,0.0147,Sy1.5,3.60e+20
1067,SWIFTJ2010.7+4801,2MASXJ20101740+4800214,302.5730,48.0059,0.0250,Sy2,4.61e+21
1070,SWIFTJ2015.2+2526,2MASXJ20145928+2523010,303.7470,25.3837,0.0457,Sy2,4.76e+21
1072,SWIFTJ2018.4-5539,LEDA64440,304.5050,-55.6587,0.0606,Sy2,5.82e+20
1073,SWIFTJ2018.8+4041,2MASXJ20183871+4041003,304.6610,40.6833,0.0140,Sy2,1.19e+22
1074,SWIFTJ2021.9+4400,2MASXJ20214907+4400399,305.4540,44.0109,0.0173,Sy2,1.02e+22
1075,SWIFTJ2024.0-0246,1RXS J202400.8-024527,306.0090,-2.7591,0.1374,Sy1.5,6.69e+20
1076,SWIFTJ2027.1-0220,Z373-11,306.7330,-2.2777,0.0290,Sy1.8,8.67e+20
1077a,SWIFTJ2028.5+2543,MCG +04-48-002,307.1460,25.7333,0.0130,Sy2,3.45e+21
1077b,SWIFTJ2028.5+2543,NGC 6921,307.1200,25.7234,0.0130,Sy2,3.44e+21
1078,SWIFTJ2029.4-6149,2MASXJ20293125-6149087,307.3800,-61.8191,0.1243,Sy1.8,5.75e+20
1079,SWIFTJ2030.2-7532,IRAS20247-7542,307.6740,-75.5453,0.1142,Sy1.2,7.40e+20
1083,SWIFTJ2034.0-0943,2MASX J20341926-0945586,308.5800,-9.7664,0.0815,Sy1.9,5.48e+20
1084,SWIFTJ2035.2+2604,2MASXJ20350566+2603301,308.7740,26.0583,0.0480,Sy1.5,3.08e+21
1085,SWIFTJ2035.6-5013,Fairall346,308.9910,-50.1923,0.0088,Sy1.5,2.50e+20
1087,SWIFTJ2040.2-5126,ESO234-63,310.0660,-51.4297,0.0540,Sy2,2.57e+20
1088,SWIFTJ2042.3+7507,4C+74.26,310.6550,75.1340,0.1046,Sy1,2.31e+21
1089,SWIFTJ2044.0+2832,1RXSJ204404.0+283303,311.0180,28.5526,0.0493,Sy1.2,2.94e+21
1090,SWIFTJ2044.2-1045,Mrk509,311.0410,-10.7235,0.0347,Sy1.2,5.16e+20
1091,SWIFTJ2048.4+3815,1RXS J204826.8+381120,312.1120,38.1904,0.1057,Sy1.5,6.62e+21
1092,SWIFTJ2052.0-5704,IC5063,313.0100,-57.0688,0.0114,Sy2,7.39e+20
1096,SWIFTJ2059.6+4301B,SWIFT J210001.06+430209.6,315.0040,43.0364,0.0660,Sy1.8,8.29e+21
1097,SWIFTJ2102.6-2810,ESO464-16,315.5990,-28.1746,0.0364,Sy1.8,1.00e+21
1099,SWIFTJ2109.1-0942,H2106-099,317.2920,-9.6708,0.0271,Sy1.2,1.11e+21
1100,SWIFTJ2109.2+3531,1RXSJ210932.5+353245,317.3830,35.5493,0.2020,Sy1.5,1.93e+21
1102,SWIFTJ2114.4+8206,S52116+81,318.5050,82.0801,0.0840,Sy1.2,1.09e+21
1104,SWIFTJ2116.3+2512,2MASXJ21161028+2517010,319.0430,25.2837,0.1522,Sy1.9,1.03e+21
1106,SWIFTJ2118.9+3336,2MASXJ21192912+3332566,319.8710,33.5492,0.0500,Sy1.5,2.03e+21
1108,SWIFTJ2123.6+2506,LEDA66688,320.9360,25.0744,0.1020,Sy1.8,1.14e+21
1110,SWIFTJ2124.6+5057,4C+50.55,321.1640,50.9739,0.0150,Sy1.2,1.15e+22
1111,SWIFTJ2127.4+5654,IGRJ21277+5656,321.9390,56.9430,0.0140,Sy1.2,9.09e+21
1114,SWIFTJ2132.0-3343,CTS109,323.0090,-33.7149,0.0290,Sy1.5,4.32e+20
1116,SWIFTJ2134.9-2729,2MASXJ21344509-2725557,323.6880,-27.4321,0.0667,Sy1.5,3.08e+20
1117,SWIFTJ2156.1+4728,2MASXJ21355399+4728217,323.9750,47.4728,0.0256,Sy1.2,4.68e+21
1118,SWIFTJ2135.5-6222,LEDA89176,324.0960,-62.4002,0.0586,Sy1.2,3.40e+20
1119,SWIFTJ2136.8-6444,RBS1764,324.2200,-64.6344,0.0707,Sy1.5,3.62e+20
1120,SWIFTJ2137.8-1433,Q2135-147,324.4380,-14.5488,0.2000,Sy1.2,5.23e+20
1121,SWIFTJ2138.8-3207,Z493-2,324.6390,32.0849,0.0247,Sy1.5,1.62e+21
1122,SWIFTJ2139.7+5951,1RXSJ213944.3+595016,324.9370,59.8375,0.1142,Sy1,7.12e+21
1125,SWIFTJ2145.5+1101,1RXSJ214532.2+110255,326.3870,11.0486,0.2068,Sy1.5,6.49e+20
1127,SWIFTJ2148.3-3454,NGC7130,327.0810,-34.9512,0.0160,Sy1.5,2.11e+20
1128,SWIFTJ2150.2-1855,LEDA2831062,327.4920,-18.9899,0.1576,Sy1.2,3.26e+20
1130,SWIFTJ2156.2+1724,2MASXJ21561518+1722525,329.0630,17.3813,0.0342,Sy1.8,7.76e+20
1131,SWIFTJ2157.2-6942,ESO75-41,329.2750,-69.6899,0.0283,Sy1.5,2.90e+20
1132,SWIFTJ2157.4-0615,2MASSJ21572678-0610176,329.3620,-6.1716,0.1760,Sy1.5,3.04e+20
1133,SWIFTJ2200.9+1032,Mrk520,330.1720,10.5522,0.0260,Sy1.9,5.21e+20
1135,SWIFTJ2201.9-3152,NGC7172,330.5080,-31.8696,0.0083,Sy2,2.12e+20
1138,SWIFTJ2204.7+0337,IRAS22017+0319,331.0800,3.5642,0.0611,Sy2,4.62e+20
1139,SWIFTJ2207.3+1013,UGC11910,331.7580,10.2336,0.0267,Sy2,6.33e+20
1141,SWIFTJ2209.1-2747,NGC7214,332.2820,-27.8095,0.0230,Sy1.2,1.77e+20
1142,SWIFTJ2209.4-4711,NGC7213,332.3180,-47.1667,0.0054,Sy1,1.11e+20
1145,SWIFTJ2214.2-2557,2MASXJ22140917-2557487,333.5380,-25.9637,0.0516,Sy1.8,1.86e+20
1146,SWIFTJ2217.0+1413,Mrk304,334.3010,14.2391,0.0658,Sy1,5.76e+20
1150,SWIFTJ2223.8+1143,MCG+2-57-2,335.9380,11.8359,0.0298,Sy1.5,7.05e+20
1151,SWIFTJ2223.9-0207,3C445,335.9560,-2.1036,0.0562,Sy1.5,5.70e+20
1152,SWIFTJ2226.8+3628,UGC12040,336.7740,36.3616,0.0216,Sy1.9,1.30e+21
1153,SWIFTJ2229.9+6646,IGRJ22292+6647,337.3080,66.7810,0.1120,Sy1.5,6.25e+21
1156,SWIFTJ2234.8-2542,ESO533-50,338.7080,-25.6770,0.0265,Sy2,1.54e+20
1157,SWIFTJ2235.9-2602,NGC7314,338.9430,-26.0504,0.0049,Sy1.9,1.59e+20
1158,SWIFTJ2235.9+3358,NGC7319,339.0150,33.9758,0.0229,Sy2,7.94e+20
1160,SWIFTJ2237.0+2543,IC5233,339.1370,25.7632,0.0240,Sy1,5.22e+20
1161,SWIFTJ2236.7-1233,Mrk915,339.1940,-12.5452,0.0240,Sy1.9,6.59e+20
1162,SWIFTJ2240.2+0801,UGC12138,340.0710,8.0538,0.0250,Sy1.5,8.83e+20
1163,SWIFTJ2242.4-3711,ESO406-4,340.6390,-37.1854,0.0290,Sy1.5,1.07e+20
1164,SWIFTJ2243.2-4539,2MASX J22422135-4539093,340.5890,-45.6526,0.1207,Sy2,1.10e+20
1165,SWIFTJ2246.0+3941,3C452,341.4530,39.6878,0.0815,Sy1.9,1.44e+21
1166,SWIFTJ2248.7-5109,RBS1897,342.1720,-51.1648,0.1017,Sy1.5,9.64e+19
1167,SWIFTJ2248.8+1725,2MASXJ22484430+1727034,342.1850,17.4509,0.0856,Sy1.2,7.68e+20
1168,SWIFTJ2250.7-0854,SDSSJ225051.71-085456.8,342.7150,-8.9158,0.0653,Sy1.5,3.94e+20
1172,SWIFTJ2254.1-1734,MR2251-178,343.5250,-17.5820,0.0647,Sy1,2.71e+20
1173,SWIFTJ2254.2+1147A,UGC12243,343.6810,11.7141,0.0286,Sy2,6.96e+20
1174,SWIFTJ2254.2+1147B,UGC12237,343.5820,11.7826,0.0283,Sy2,6.75e+20
1176,SWIFTJ2256.5+0526,RBS1917,344.1520,5.4214,0.0660,Sy1.2,7.72e+20
1177,SWIFTJ2258.9+4054,UGC12282,344.7300,40.9323,0.0175,Sy2,1.43e+21
1178,SWIFTJ2259.7+2458,LEDA70195,344.8870,24.9183,0.0338,Sy1.2,7.67e+20
1179,SWIFTJ2301.4-5916,RBS1931,345.4010,-59.2225,0.1500,Sy1.2,1.89e+20
1180,SWIFTJ2302.1+1557,NGC7465,345.5040,15.9648,0.0063,Sy1.9,7.20e+20
1181,SWIFTJ2303.1-1837,PKS2300-18,345.7620,-18.6905,0.1280,Sy1.5,2.40e+20
1182,SWIFTJ2303.3+0852,NGC7469,345.8150,8.8739,0.0163,Sy1.5,5.39e+20
1183,SWIFTJ2304.8-0843,Mrk926,346.1810,-8.6857,0.0472,Sy1.5,3.34e+20
1184,SWIFTJ2304.9+1220,NGC7479,346.2360,12.3230,0.0070,Sy2,7.70e+20
1185,SWIFTJ2307.1+0433,PG2304+042,346.7620,4.5492,0.0430,Sy1,6.26e+20
1186,SWIFTJ2307.9+2245,UGC12383,346.9540,22.7103,0.0347,Sy2,1.09e+21
1187,SWIFTJ2308.1+4014,2MASXJ23075724+4016393,346.9890,40.2775,0.0716,Sy1.5,1.36e+21
1188,SWIFTJ2318.4-4223,NGC7582,349.5980,-42.3704,0.0049,Sy2,1.39e+20
1189,SWIFTJ2318.9+0013,NGC7603,349.7360,0.2439,0.0295,Sy1,4.42e+20
1191,SWIFTJ2320.8+6434,2MASXJ23203662+6430452,350.1520,64.5124,0.0732,Sy1.9,9.21e+21
1192,SWIFTJ2322.5-0646,LEDA1029085,350.6020,-6.7606,0.0330,Sy2,3.23e+20
1194,SWIFTJ2325.5-3827,IRAS23226-3843,351.3510,-38.4470,0.0350,Sy1,1.88e+20
1195,SWIFTJ2325.6+2157,RHS61,351.4760,21.8872,0.1202,Sy1.2,4.76e+20
1198,SWIFTJ2328.9+0328,NGC7682,352.2660,3.5333,0.0171,Sy1.8,6.40e+20
1199,SWIFTJ2330.5+7124,2MASXJ23303771+7122464,352.6570,71.3796,0.0374,Sy1.9,4.20e+21
1202,SWIFTJ2341.8+3033,UGC12741,355.4810,30.5818,0.0178,Sy2,8.03e+20
1203,SWIFTJ2343.9+0537,LEDA3092070,355.9980,5.6399,0.0562,Sy2,9.95e+20
1204,SWIFTJ2344.6-4246,RBS2043,356.1830,-42.7201,0.5970,Sy2,1.58e+20
1206,SWIFTJ2351.9-0109,PG2349-014,357.9840,-1.1537,0.1743,Sy1,3.95e+20
1207,SWIFTJ2352.2+5845,CXOJ235221.9+584531,358.0920,58.7585,0.1630,Sy2,6.50e+21
1208,SWIFTJ2352.6-1707,2MASXJ23525143-1704370,358.2140,-17.0770,0.0548,Sy1.5,1.71e+20
1210,SWIFTJ2359.3-6058,PKS2356-61,359.7680,-60.9164,0.0963,Sy2,1.57e+20
