ID,SwiftName,Counterpart,RA,DEC,Redshift,nh
1,SWIFTJ0001.0-0708,2MASXJ00004876-0709117,0.2032337,-7.1532227,0.03749562,3.52e+20
2,SWIFTJ0001.6-7701,2MASXJ00014596-7657144,0.4420348,-76.953963,0.05850513,5.76e+20
3,SWIFTJ0002.5+0323,NGC7811,0.610105,3.3519118,0.02545663,3.01e+20
4,SWIFTJ0003.3+2737,2MASXJ00032742+2739173,0.8642482,27.6547253,0.03978371,5.15e+20
5,SWIFTJ0005.0+7021,2MASXJ00040192+7019185,1.0082414,70.3217522,0.09568099,4.92e+21
6,SWIFTJ0006.2+2012,Mrk335,1.5814004,20.2029512,0.0259058,4.09e+20
7,SWIFTJ0009.4-0037,SDSSJ000911.57-003654.7,2.2983352,-0.6152216,0.07334542,3.71e+20
8,SWIFTJ0010.5+1057,Mrk1501,2.6291746,10.9748617,0.08938542,7.13e+20
9,SWIFTJ0017.1+8134,[HB89]0014+813,4.2854197,81.585596,3.37781731,2.19e+21
10,SWIFTJ0021.2-1909,LEDA1348,5.2814076,-19.168191,0.09584636,2.16e+20
13,SWIFTJ0025.8+6818,LEDA136991,6.3850302,68.3624394,0.01249191,6.24e+21
14,SWIFTJ0026.5-5308,LEDA433346,6.6694697,-53.163275,0.06321871,1.85e+20
16,SWIFTJ0029.2+1319,PG0026+129,7.3070965,13.267761,0.14199695,6.33e+20
17,SWIFTJ0030.0-5904,ESO112-6,7.6826262,-59.007215,0.02900386,1.36e+20
18,SWIFTJ0033.6+6127,2MASXJ00331831+6127433,8.3264422,61.4620153,0.10418448,6.99e+21
19,SWIFTJ0034.5-7904,RHS3,8.5700402,-79.088963,0.07426779,7.6e+20
20,SWIFTJ0034.6-0422,2MASXJ00343284-0424117,8.636619,-4.4034229,0.2129818,3.97e+20
21,SWIFTJ0036.0+5951,QSOB0033+595,8.9693118,59.8345373,0.0861447,5.57e+21
22,SWIFTJ0036.3+4540,Z535-12,9.0872635,45.6648997,0.04760781,8.14e+20
24,SWIFTJ0038.4+2337,Mrk344,9.6338116,23.6134076,0.02524603,3.24e+20
25,SWIFTJ0041.0+2444,SWIFTJ004039.9+244539,10.1661783,24.7609374,0.07836469,3.9e+20
28,SWIFTJ0042.9-2332,NGC235A,10.7200423,-23.541046,0.02206534,1.48e+20
29,SWIFTJ0042.9+3016A,2MASXJ00430184+3017195,10.7578514,30.2887771,0.04894004,5.78e+20
30,SWIFTJ0042.9+3016B,2MASXJ00423991+3017515,10.6662872,30.2976209,0.14012759,5.79e+20
31,SWIFTJ0042.9-1135,MCG-2-2-95,10.7865818,-11.601037,0.01938369,2.5e+20
32,SWIFTJ0046.2-4008,ESP39607,11.5861961,-40.097039,0.20111317,3.56e+20
33,SWIFTJ0048.8+3155,Mrk348,12.1964231,31.9569703,0.01466916,7.26e+20
34,SWIFTJ0051.6+2928,UGC524,12.8959113,29.4012876,0.03589227,6.82e+20
36,SWIFTJ0051.9+1724,Mrk1148,12.9781786,17.4329205,0.06402702,5.01e+20
37,SWIFTJ0052.3-2730,2MASXJ00520383-2723488,13.015854,-27.396923,0.07678326,1.62e+20
39,SWIFTJ0054.9+2524,PG0052+251,13.7171686,25.427508,0.15505694,5.12e+20
42,SWIFTJ0057.0+6405,NVSSJ005712+635942,14.3035108,63.9952504,0.2896265,1e+22
43,SWIFTJ0059.4+3150,Mrk352,14.9720011,31.8270228,0.01463096,6.4e+20
44,SWIFTJ0100.9-4750,2MASXJ01003490-4752033,15.1456808,-47.867721,0.04843393,2e+20
45,SWIFTJ0101.5-0308,2MASXJ01012440-0308399,15.3516234,-3.1444828,0.0694821,3.63e+20
48,SWIFTJ0103.8-6437,PKS0101-649,15.8904897,-64.652116,0.16347243,2.47e+20
49,SWIFTJ0105.5-4213,MCG-7-3-7,16.3617325,-42.216216,0.03029257,2.66e+20
50,SWIFTJ0106.2-4704,ESO243-26,16.4083363,-47.071687,0.01919329,2.07e+20
51,SWIFTJ0105.7-1414,RBS149,16.4116637,-14.270439,0.06676629,2.23e+20
52,SWIFTJ0105.6-3433,HE0103-3447,16.4445786,-34.528966,0.05723542,1.9e+20
53,SWIFTJ0106.8+0639,UM85,16.6886002,6.6338489,0.04109925,3.23e+20
55,SWIFTJ0107.7-1137B,2MASXJ01073963-1139117,16.9151809,-11.653119,0.04690987,2.69e+20
57,SWIFTJ0109.0+1320,3C33,17.2203085,13.3373168,0.05943233,3.6e+20
58,SWIFTJ0111.4-3808,NGC424,17.8651625,-38.083459,0.01088493,1.63e+20
59,SWIFTJ0113.8+2515,WISEJ011322.69+251853.2,18.3445605,25.3147963,1.58928,8.08e+20
60,SWIFTJ0113.8+1313,Mrk975,18.462671,13.2717505,0.049926,3.75e+20
61,SWIFTJ0113.8-1450,Mrk1152,18.4586759,-14.845654,0.05255808,1.89e+20
62,SWIFTJ0114.5-3236,IC1657,18.5292124,-32.650883,0.01168781,2.59e+20
63,SWIFTJ0114.4-5522,NGC454E,18.6039118,-55.397048,0.01219622,2.4e+20
64,SWIFTJ0116.3+3104,NGC452,19.0616678,31.0338419,0.01689692,7e+20
65,SWIFTJ0116.5-1235,2MASXJ01163118-1236171,19.1297888,-12.604714,0.14244739,2.61e+20
69,SWIFTJ0122.0-2818,Q0119-286,20.4646356,-28.349368,0.11559918,1.62e+20
70,SWIFTJ0122.8+5003,MCG+8-3-18,20.6433963,50.0549783,0.02058234,2.18e+21
71,SWIFTJ0122.9+3420,SHBLJ012308.7+342049,20.7859782,34.3467826,0.27234878,6.25e+20
72,SWIFTJ0123.8-3504,NGC526A,20.9765475,-35.065445,0.01889639,2.48e+20
73,SWIFTJ0123.9-5846,Fairall9,20.9407192,-58.805775,0.04587331,3.4e+20
74,SWIFTJ0124.5+3350,NGC513,21.1116658,33.799487,0.01913786,6.42e+20
75,SWIFTJ0126.0+3511,1RXSJ012556.6+351039,21.4830788,35.176913,0.31145468,5.7e+20
76,SWIFTJ0126.2+1517,RHS10,21.4919297,15.3037975,0.11015757,4.13e+20
77,SWIFTJ0127.5+1910,Mrk359,21.8854896,19.1788337,0.01678915,5.16e+20
78,SWIFTJ0128.0-1850,MCG-3-4-72,22.0280068,-18.808629,0.04290824,1.46e+20
79,SWIFTJ0128.4+1631,Z459-58,22.1018382,16.4593292,0.03827195,5.88e+20
80,SWIFTJ0128.9-6039,2MASXJ01290761-6038423,22.2818629,-60.645036,0.20340399,2.88e+20
81,SWIFTJ0130.0-4218,ESO244-30,22.4632342,-42.326454,0.02507036,1.82e+20
82,SWIFTJ0130.2-4552,2MASXJ01302127-4601448,22.5887222,-46.029149,0.11153306,1.6e+20
83,SWIFTJ0131.8-3307,ESO353-9,22.9600122,-33.11929,0.01638817,2.68e+20
84,SWIFTJ0134.1-3625,NGC612,23.4903535,-36.493219,0.02989782,2.06e+20
85,SWIFTJ0134.8-0430,LEDA1057320,23.690138,-4.5036554,0.07925324,4.05e+20
86,SWIFTJ0136.5+3906,B30133+388,24.1358277,39.0997756,,7.59e+20
87,SWIFTJ0138.6-4001,ESO297-18,24.6548345,-40.011438,0.02515154,1.7e+20
88,SWIFTJ0138.8+2925,LEDA138434,24.8500212,29.4019643,0.07180081,5.93e+20
89,SWIFTJ0140.6-5321,2MASXJ01402676-5319389,25.1116719,-53.327614,0.07161211,2.86e+20
90,SWIFTJ0142.0+3922,B20138+39B,25.4906996,39.391449,0.07915402,7.09e+20
92,SWIFTJ0149.2+2153A,LEDA1656658,27.2487096,21.7594329,0.06939691,8.8e+20
93,SWIFTJ0149.2+2153B,NGC678,27.353505,21.9973509,0.00948535,8.63e+20
94,SWIFTJ0149.9-5019,CSRG165,27.3426785,-50.252056,0.02985483,2.02e+20
95,SWIFTJ0151.3-3610,ESO354-4,27.9244134,-36.187829,0.03329414,1.62e+20
96,SWIFTJ0152.8-0329,MCG-1-5-47,28.2043279,-3.446844,0.01673337,2.96e+20
97,SWIFTJ0154.9-2707,2MASSiJ0154403-270701,28.6679935,-27.117034,0.15101848,1.6e+20
98,SWIFTJ0155.4+0228,RBS255,28.8539726,2.4712572,0.08471856,3.03e+20
99,SWIFTJ0157.2+4715,LEDA2295246,29.2956399,47.2664508,0.04827464,1.69e+21
101,SWIFTJ0200.3+2428,UGC1479,30.0793962,24.4738372,0.01690303,1.02e+21
102,SWIFTJ0201.0-0648,NGC788,30.2769167,-6.8158862,0.01365372,2.29e+20
103,SWIFTJ0202.4+6824A,LEDA89913,30.5723165,68.3626549,0.01183587,5.17e+21
104,SWIFTJ0202.4+6824B,LEDA137972,30.384773,68.4060751,0.0120279,5.18e+21
105,SWIFTJ0203.1-2359,RBS273,30.7539409,-24.036751,0.17806566,1.68e+20
106,SWIFTJ0206.2-0019,Mrk1018,31.5666194,-0.2914554,0.04263127,2.67e+20
107,SWIFTJ0207.0+2931,LEDA8076,31.7591853,29.5127814,0.10957621,6.59e+20
110,SWIFTJ0208.2+4452,UGC1609,31.9649507,44.8439997,0.02166633,1.11e+21
111,SWIFTJ0208.5-1738,2MASSJ02083494-1739347,32.1456037,-17.659656,0.12909222,2.79e+20
112,SWIFTJ0209.5-1010,NGC835,32.3368516,-10.133077,0.0133448,2.73e+20
113,SWIFTJ0209.7+5226,LEDA138501,32.4058661,52.4443457,0.04971189,2.32e+21
114,SWIFTJ0211.1-4944,Fairall377,32.718895,-49.698523,0.04755424,1.79e+20
115,SWIFTJ0213.7+5147,2MASXJ02141794+5144520,33.5747538,51.747763,0.04976134,2.23e+21
116,SWIFTJ0214.6-0049,Mrk590,33.6398451,-0.7667201,0.02647065,2.93e+20
117,SWIFTJ0214.9-6432,RBS295,33.655843,-64.5014,0.07407978,3.07e+20
118,SWIFTJ0215.6-1301,3C62,33.9059265,-12.99174,0.14797725,1.79e+20
119,SWIFTJ0216.3+5128,2MASSJ02162672+5125251,34.1116052,51.4235729,0.42229969,2.2e+21
120,SWIFTJ0218.0+7348,[HB89]0212+735,34.3784913,73.8257243,2.34623321,3.94e+21
121,SWIFTJ0222.6+5222,1RXSJ022206.0+522112,35.5263788,52.3516455,0.19759449,2.65e+21
122,SWIFTJ0222.3+2509,2MASXJ02223523+2508143,35.6467456,25.1374468,0.06160742,8.07e+20
123,SWIFTJ0223.4+4551,2MASXJ02233309+4549162,35.8878154,45.8211765,0.06134329,1.55e+21
124,SWIFTJ0225.0-2312,LEDA2823078,36.2617486,-23.213451,0.23202231,1.8e+20
125,SWIFTJ0225.0+1847,RBS0315,36.2694267,18.7801554,2.66907401,1.68e+21
126,SWIFTJ0225.8-6315,Fairall296,36.2875824,-63.223985,0.05705908,2.69e+20
127,SWIFTJ0226.4-2821,AM0224-283,36.6071557,-28.349681,0.05985092,1.77e+20
128,SWIFTJ0227.0+2346,MCG+4-6-43,36.7275161,23.7996621,0.03338717,1.08e+21
129,SWIFTJ0228.1+3118,Mrk1040,37.0603048,31.3115385,0.01630788,8.84e+20
130,SWIFTJ0230.2-0900,Mrk1044,37.5230272,-8.9981209,0.01727102,3.59e+20
131,SWIFTJ0231.6-3645,IC1816,37.9624064,-36.672124,0.01664977,2.82e+20
132,SWIFTJ0232.8+2020,QSOB0229+200,38.2024999,20.2881295,0.1397137,1.16e+21
133,SWIFTJ0234.1+3233,NGC973,38.5837874,32.5057187,0.01566031,9.27e+20
134,SWIFTJ0234.6-0848,NGC985,38.6576352,-8.7877916,0.04302233,3.46e+20
135,SWIFTJ0235.3-2934,ESO416-2,38.8060701,-29.604787,0.05923204,1.79e+20
136,SWIFTJ0238.2-5213,ESO198-24,39.5821531,-52.192308,0.04526328,3.26e+20
137,SWIFTJ0238.5-6119,2MASXJ02384313-6117227,39.6796489,-61.289551,0.05430858,2.6e+20
138,SWIFTJ0238.8-4039,LEDA74091,39.7040792,-40.643902,0.06130542,2.03e+20
140,SWIFTJ0241.3-0816,NGC1052,40.2700061,-8.2557579,0.00451945,3.06e+20
141,SWIFTJ0241.6+0711,Mrk595,40.3953004,7.1871611,0.02730802,1.04e+21
142,SWIFTJ0242.0+0516,IRAS02394+0457,40.5159153,5.1683819,0.07047955,6.64e+20
143,SWIFTJ0242.2+0531,RHS15,40.5609879,5.5099865,0.06965624,6.92e+20
144,SWIFTJ0242.6+0000,NGC1068,40.6696,-0.0132865,0.00348372,3.22e+20
145,SWIFTJ0243.9+5324,LEDA2442097,41.0124898,53.4745149,0.03519049,4.08e+21
146,SWIFTJ0244.7-2433,ESO479-31,41.1988416,-24.513846,0.02299736,1.89e+20
147,SWIFTJ0244.8+6227,Q0241+622,41.2403957,62.4684768,0.04468577,8.11e+21
148,SWIFTJ0245.2+1047,4C+10.08,41.3061407,10.7896717,0.06961121,1.67e+21
149,SWIFTJ0249.1+2627,LEDA89928,42.2472632,26.5110089,0.05855378,1.53e+21
150,SWIFTJ0250.4+4648,2MASXJ02502722+4647295,42.6132932,46.7914752,0.02195138,2.36e+21
151,SWIFTJ0251.3+5441,LEDA166445,42.6773797,54.7048487,0.01527144,5.5e+21
152,SWIFTJ0250.7+4142,NGC1106,42.668669,41.6716011,0.01439348,1.08e+21
153,SWIFTJ0251.6-1639,NGC1125,42.9185624,-16.650642,0.01111931,2.85e+20
154,SWIFTJ0252.1-6758,2MASXJ02513173-6803059,42.8825517,-68.051577,0.18263004,4.92e+20
155,SWIFTJ0252.3+4312,LEDA90641,43.1417238,43.1674413,0.05136692,1.34e+21
156,SWIFTJ0252.7-0822,MCG-2-8-14,43.0975085,-8.5103004,0.0167424,5.14e+20
157,SWIFTJ0255.2-0011,NGC1142,43.8007801,-0.18372,0.02869937,7.36e+20
159,SWIFTJ0256.4-3212,ESO417-6,44.0897294,-32.185629,0.01679043,2.54e+20
161,SWIFTJ0259.9+4419,2MASXJ02593756+4417180,44.9063656,44.2883253,0.03129124,2.18e+21
162,SWIFTJ0300.0-1048,MCG-2-8-38,45.0179912,-10.824606,0.03305202,6.42e+20
163,SWIFTJ0304.1-0108,NGC1194,45.9545984,-1.1037141,0.0135689,7.97e+20
164,SWIFTJ0308.5-7251,ESO31-8,46.8972713,-72.834044,0.02778176,7.71e+20
165,SWIFTJ0308.2-2258,NGC1229,47.0451415,-22.960234,0.03561515,1.83e+20
166,SWIFTJ0311.1+3241,2MASXJ03104435+3239296,47.6848859,32.658076,0.12516041,2.04e+21
167,SWIFTJ0311.5-2045,HE0309-2057,47.8283651,-20.771699,0.06657462,2.22e+20
168,SWIFTJ0311.8-7653,[HB89]0312-770,47.9802135,-76.864109,0.22550694,1.17e+21
169,SWIFTJ0311.9+5032,2MASXJ03120291+5029147,48.0123804,50.4873892,0.06150004,4.74e+21
170,SWIFTJ0312.9+4121,QSOB0309+411,48.2581728,41.3336849,0.13445619,1.69e+21
171,SWIFTJ0317.2+0116,UGC2638,49.2590295,1.2550112,0.02374398,9.86e+20
172,SWIFTJ0318.7+6828,2MASXJ03181899+6829322,49.5795565,68.4922102,0.09057619,4.52e+21
173,SWIFTJ0319.7+4132,NGC1275,49.9506711,41.5117309,0.01681333,2.07e+21
174,SWIFTJ0324.8+3410,1H0323+342,51.1714997,34.179396,0.06258132,2.17e+21
175,SWIFTJ0325.0-4154,LEDA12773,51.2594836,-41.904887,0.05879196,1.29e+20
176,SWIFTJ0324.9+4044,LEDA97012,51.3039697,40.6980184,0.04724702,2.35e+21
178,SWIFTJ0326.0-5633,2MASXJ03252346-5635443,51.3480461,-56.595725,0.06014987,2.18e+20
179,SWIFTJ0328.4-2846,LEDA738553,52.152142,-28.698871,0.10860469,9.98e+19
180,SWIFTJ0331.3+0538,HS0328+0528,52.7174101,5.6404204,0.04478192,2.04e+21
182,SWIFTJ0331.4-0510,MCG-1-9-45,52.8459867,-5.1416815,0.01300923,4.4e+20
183,SWIFTJ0333.3+3720,2MASXJ03331873+3718107,53.3282645,37.3030964,0.05574973,2.7e+21
184,SWIFTJ0333.6-3607,NGC1365,53.4016964,-36.140186,0.0050906,1.39e+20
185,SWIFTJ0334.4-1515,LEDA2816367,53.6020373,-15.227707,0.03480759,7.26e+20
187,SWIFTJ0335.4+1907,2MASXJ03352254+1907282,53.844059,19.1246913,0.18956946,1.89e+21
188,SWIFTJ0336.6+3217,4C+32.14,54.1254742,32.3081458,1.2594,2.66e+21
189,SWIFTJ0342.0-2115,ESO548-81,55.5154676,-21.24431,0.0143769,2.53e+20
190,SWIFTJ0345.2-3935,Tol0343-397,56.3022006,-39.574805,0.04285909,3e+20
191,SWIFTJ0347.0-3027,HE0345-3033,56.7727202,-30.397479,0.09464724,1.02e+20
192,SWIFTJ0349.2-1159,QSOB0347-121,57.3466226,-11.990914,0.18772387,3.58e+20
193,SWIFTJ0350.1-5019,ESO201-4,57.5957829,-50.302613,0.03601558,1.2e+20
194,SWIFTJ0351.7-4030,Fairall1116,57.9237453,-40.466465,0.05867176,2.54e+20
195,SWIFTJ0353.4-6830,PKS0352-686,58.2395091,-68.521406,0.08849301,8.31e+20
196,SWIFTJ0353.7+3711,LEDA213255,58.4269629,37.2354564,0.01851867,3.08e+21
197,SWIFTJ0354.2+0250,HE0351+0240,58.5394343,2.825173,0.03555016,2.27e+21
199,SWIFTJ0357.5-6255,LEDA2816387,59.0831863,-62.86089,0.10750395,3.51e+20
200,SWIFTJ0356.9-4041,2MASXJ03565655-4041453,59.2355263,-40.696078,0.07420478,1.91e+20
201,SWIFTJ0357.6+4153,2MASXJ03574513+4155049,59.4380571,41.9181173,0.0517996,4.45e+21
202,SWIFTJ0359.0-3015A,SARS059.33488-30.34397,59.8354003,-30.20269,0.09745205,9.71e+19
203,SWIFTJ0359.0-3015B,SARS059.28692-30.44439,59.7867976,-30.302943,0.09383273,9.67e+19
204,SWIFTJ0359.7+5058,4C+50.11,59.8739231,50.9639641,1.5187,8.36e+21
205,SWIFTJ0402.4-1807,ESO549-49,60.6070054,-18.04758,0.02625471,1.74e+20
206,SWIFTJ0404.0-3604,PKS0402-362,60.9739541,-36.083861,1.4232,6.09e+19
207,SWIFTJ0405.3-3707,Fairall1119,61.2570879,-37.187575,0.05493761,6.39e+19
208,SWIFTJ0405.5-1307,[HB89]0403-132,61.3916785,-13.137132,0.57034355,4.82e+20
209,SWIFTJ0407.4+0339,3C105,61.8186282,3.707181,0.08836992,2.2e+21
210,SWIFTJ0413.3+1659,MG1J041325+1659,63.3430189,16.9975211,0.21154103,2.99e+21
212,SWIFTJ0413.8+1112,3C109,63.4180893,11.2041342,0.30662767,2.88e+21
213,SWIFTJ0414.8-0754,IRAS04124-0803,63.7194237,-7.9276956,0.03824158,6.69e+20
214,SWIFTJ0418.3+3800,3C111,64.5886425,38.0266014,0.04974667,4.35e+21
216,SWIFTJ0420.0-5457,NGC1566,65.0016418,-54.937944,0.00473963,8.82e+19
217,SWIFTJ0422.7-5611,Fairall302,65.6002592,-56.225634,0.04392442,1.38e+20
218,SWIFTJ0423.5+0414,LEDA15023,65.9198498,4.1338362,0.04642256,2.24e+21
220,SWIFTJ0426.2-5711,RBS542,66.5030053,-57.200506,0.10410067,1.31e+20
221,SWIFTJ0427.6-1201,MCG-2-12-17,66.7558627,-12.059491,0.03258524,4.1e+20
223,SWIFTJ0428.2-6704B,2MASXJ04294735-6703205,67.4475784,-67.055521,0.06484813,4.48e+20
224,SWIFTJ0429.6-2114,LEDA135180,67.4096061,-21.162164,0.07000987,2.25e+20
226,SWIFTJ0433.0+0521,3C120,68.2962182,5.3543204,0.0331358,1.94e+21
227,SWIFTJ0433.5-5846,2MASXJ04332716-5843346,68.3632771,-58.726075,0.10260919,1.31e+20
228,SWIFTJ0436.3-1022,Mrk618,69.0928942,-10.376089,0.03461541,5.82e+20
229,SWIFTJ0437.4-4713,HE0436-4717,69.3673189,-47.191514,0.05145175,1.05e+20
230,SWIFTJ0438.2-1048,MCG-2-12-50,69.5591165,-10.795848,0.03589745,5.62e+20
231,SWIFTJ0440.2-5941,LEDA15768,69.9960026,-59.68159,0.05805314,1.86e+20
232,SWIFTJ0440.9+2741,2MASXJ04404770+2739466,70.1987764,27.6630253,0.03638922,3.14e+21
234,SWIFTJ0441.2-2704,IRAS04392-2713,70.343888,-27.138695,0.08414478,2.92e+20
235,SWIFTJ0441.8-0823,RHS25,70.4752976,-8.4427681,0.04327938,8.14e+20
236,SWIFTJ0443.9+2856,UGC3142,70.9450084,28.9719194,0.02183221,3.18e+21
237,SWIFTJ0444.1+2813,LEDA86269,71.0375969,28.2168791,0.01052878,3.2e+21
238,SWIFTJ0445.0-2816,LEDA745026,71.1571217,-28.165101,0.14747949,2.72e+20
239,SWIFTJ0446.4+1828,UGC3157,71.6236264,18.4608627,0.01566845,3.08e+21
240,SWIFTJ0449.6-5515,2MASXJ04500193-5512404,72.508206,-55.211205,0.02157559,1.21e+20
242,SWIFTJ0451.4-0346,MCG-1-13-25,72.9229684,-3.8093435,0.01546645,4.08e+20
243,SWIFTJ0450.7-5813,RBS594,72.9334041,-58.183432,0.09001808,1.6e+20
244,SWIFTJ0452.2+4933,LEDA168563,73.019859,49.5457929,0.02832856,5.89e+21
245,SWIFTJ0453.4+0404,Z420-15,73.3572496,4.0616296,0.02958696,8.36e+20
246,SWIFTJ0454.6-4315,LEDA146662,73.6787366,-43.23965,0.08661748,1.21e+20
247,SWIFTJ0456.3-7532,ESO33-2,73.9954591,-75.54118,0.01844622,1.26e+21
249,SWIFTJ0459.9+2703,LEDA1797736,74.9836909,27.1005948,0.06096758,4.54e+21
250,SWIFTJ0459.7+3502,LEDA168924,74.9867197,35.048438,0.0443829,5.1e+21
252,SWIFTJ0502.1+0332,LEDA75258,75.5377011,3.5305335,0.01588625,8.71e+20
254,SWIFTJ0503.0+2302,LEDA97068,75.7426167,22.9977161,0.05816045,3.64e+21
256,SWIFTJ0504.6-7345,2MASXJ05043414-7349269,76.1427963,-73.824242,0.04491376,1.75e+21
257,SWIFTJ0505.6-6735,2MASXJ05052442-6734358,76.3514606,-67.5765,0.04651697,2.93e+21
258,SWIFTJ0505.8-2351,LEDA178130,76.4405341,-23.853913,0.03515524,2.35e+20
259,SWIFTJ0507.7+6732,87GB050246.4+673341,76.9840357,67.623431,0.314,1.4e+21
260,SWIFTJ0508.1+1727,2MASXJ05081967+1721483,77.0821115,17.3633468,0.01735727,3.11e+21
261,SWIFTJ0510.7+1629,IRAS05078+1626,77.6897199,16.4994853,0.01735243,3.15e+21
262,SWIFTJ0512.1-1830,ESO553-22,77.9908483,-18.493895,0.04204435,4.12e+20
263,SWIFTJ0513.8+6627,Z307-7,78.3184305,66.4639674,0.01510169,1.4e+21
265,SWIFTJ0515.3+1854,2MASXJ05151978+1854515,78.8323095,18.9143812,0.02355094,3.64e+21
266,SWIFTJ0516.2-0009,Ark120,79.0475231,-0.1497602,0.03256885,1.4e+21
267,SWIFTJ0516.3+1928,LEDA97085,79.0946865,19.4531489,0.01900098,3.66e+21
268,SWIFTJ0516.4-1034,MCG-2-14-9,79.0883956,-10.561507,0.02805341,1.41e+21
269,SWIFTJ0501.9-3239,ESO362-18,79.8992349,-32.657752,0.01246008,1.84e+20
270,SWIFTJ0519.5-4545,PictorA,79.957179,-45.778844,0.0349747,3.49e+20
272,SWIFTJ0521.0-2522,IRAS05189-2524,80.2558208,-25.362564,0.04089978,1.8e+20
273,SWIFTJ0519.5-3140,PKS0521-36,80.7415878,-36.458572,0.05544933,4.06e+20
274,SWIFTJ0524.1-1210,LEDA17233,81.0287884,-12.169133,0.04918616,1.48e+21
276,SWIFTJ0525.1-2339,PMNJ0525-2338,81.2770931,-23.636329,3.10924687,2.45e+20
277,SWIFTJ0525.3-4600,ESO253-G003,81.3254586,-46.005628,0.04210457,4.03e+20
279,SWIFTJ0526.2-2118,ESO553-43,81.6136329,-21.286577,0.02779501,3.9e+20
280,SWIFTJ0528.1-3933,LEDA17320,82.0084974,-39.579099,0.03672705,2.15e+20
282,SWIFTJ0530.8+1333,PKS0528+134,82.7350444,13.532022,2.06405597,3.84e+21
285,SWIFTJ0532.9+1343,2MASXJ05325752+1345092,83.2396389,13.752513,0.02398384,3.76e+21
286,SWIFTJ0533.9-1318,MCG-2-15-4,83.4589902,-13.355151,0.02881555,1.33e+21
291,SWIFTJ0535.4+4013,IRAS05320+4009,83.8838553,40.1877323,0.01994829,5.17e+21
296,SWIFTJ0539.9-2839,[HB89]0537-286,84.976174,-28.665556,3.10620026,2.39e+20
301,SWIFTJ0543.9-2749,ESO424-12,85.887329,-27.651423,0.00971623,2.35e+20
302,SWIFTJ0544.4-4328,2MASXJ05440009-4325265,86.0003568,-43.424133,0.04419965,4.51e+20
303,SWIFTJ0544.4+5909,2MASXJ05442257+5907361,86.0940233,59.1266776,0.06761591,2.68e+21
304,SWIFTJ0547.3+5042,LEDA97119,86.8120871,50.6403706,0.03555554,2.78e+21
305,SWIFTJ0548.4-4748,LEDA17883,87.1184332,-47.758755,0.05030707,6.27e+20
306,SWIFTJ0550.7-3212A,PKS0548-322,87.6690369,-32.271198,0.06890446,2.88e+20
308,SWIFTJ0552.2-0727,NGC2110,88.0474074,-7.456243,0.00749958,2.98e+21
309,SWIFTJ0552.5+5929,IRAS05480+5927,88.1173509,59.476937,0.05806583,1.95e+21
310,SWIFTJ0554.8+4625,UGC3374,88.7233595,46.4393815,0.02015483,2.97e+21
311,SWIFTJ0555.5+3946,[HB89]0552+398,88.8783436,39.8136407,2.35394037,4.16e+21
313,SWIFTJ0557.9-3822,H0557-385,89.5085623,-38.334563,0.03310493,4.26e+20
314,SWIFTJ0559.8-5028,Q0558-504,89.9474604,-50.447783,0.13750813,3.9e+20
315,SWIFTJ0600.7+0008,IRAS05581+0006,90.1671369,0.1051279,0.11443525,3.62e+21
316,SWIFTJ0602.2+2829,IRAS05589+2828,90.5436358,28.472074,0.03309351,4.81e+21
317,SWIFTJ0602.5+6518,UGC3386,90.6582872,65.3712345,0.0148631,1.22e+21
318,SWIFTJ0606.0-2755,2MASXJ06054896-2754398,91.4540046,-27.911134,0.08969978,2.63e+20
319,SWIFTJ0601.9-8636,ESO5-4,91.4218863,-86.631625,0.00616229,1.53e+21
320,SWIFTJ0609.5-6245A,2MASXJ06100652-6243125,92.5272683,-62.720088,0.15747484,5.24e+20
321,SWIFTJ0609.5-6245B,LEDA2816519,92.1613084,-62.787855,0.09917274,5.26e+20
323,SWIFTJ0612.2-4645,PMNJ0612-4647,93.1121548,-46.788457,0.31776724,4.9e+20
325,SWIFTJ0615.8+7101,Mrk3,93.901482,71.0374823,0.01382229,1.55e+21
327,SWIFTJ0623.3-6438,2MASXJ06230765-6436211,95.7820766,-64.605747,0.127714,4.7e+20
328,SWIFTJ0623.8+6445,1RXSJ062334.6+644542,95.8963462,64.7601502,0.08649497,1.06e+21
329,SWIFTJ0623.9-6058,ESO121-28,95.9398061,-60.979009,0.0404589,4.83e+20
330,SWIFTJ0623.8-3215,ESO426-2,95.943403,-32.216489,0.02243681,4.52e+20
333,SWIFTJ0626.6+0729,LEDA136513,96.6125745,7.4579986,0.04244714,6.68e+21
334,SWIFTJ0626.6-3702,6dFJ0626585-370559,96.7441432,-37.099596,0.03854164,9.11e+20
335,SWIFTJ0630.7+6342,UGC3478,98.1965553,63.6737054,0.01271338,9.25e+20
337,SWIFTJ0632.8+6343,VIIZw73,97.6064767,63.6781298,0.04041727,9.36e+20
338,SWIFTJ0634.7-7445,2MASSJ06340353-7446377,98.5148433,-74.777127,0.11180437,1.14e+21
340,SWIFTJ0635.8-7514,PKS0637-752,98.9438314,-75.27132,0.65420709,1.08e+21
342,SWIFTJ0640.4-2554,ESO490-26,100.048706,-25.895283,0.02524503,1.43e+21
343,SWIFTJ0640.0-4737,SWIFTJ064013.50-474132.9,100.056201,-47.692985,0.05724162,8.28e+20
344,SWIFTJ0640.1-4328,LEDA549777,100.158416,-43.355711,0.06049084,7.06e+20
345,SWIFTJ0641.3+3257,2MASXJ06411806+3249313,100.32509,32.8254925,0.04860302,2.36e+21
346,SWIFTJ0645.9+5303,UGC3533,101.610847,53.0755464,0.03585415,9.72e+20
347,SWIFTJ0651.9+7426,Mrk6,103.051357,74.4269881,0.01903787,9.8e+20
348,SWIFTJ0654.6+0700,2MASSJ06543417+0703210,103.642446,7.0558123,0.02389166,4.25e+21
349,SWIFTJ0655.8+3957,UGC3601,103.956358,40.000323,0.01719824,1.15e+21
350,SWIFTJ0656.4-4921,LEDA478026,104.049733,-49.330559,0.04100612,4.94e+20
353,SWIFTJ0659.3+2406,2MASXJ06591070+2401400,104.794481,24.0278423,0.09082159,9.98e+20
354,SWIFTJ0701.3-3235,2MASXJ07011026-3234534,105.292606,-32.581379,0.04323294,2.33e+21
357,SWIFTJ0707.1+6433,VIIZw118,106.804549,64.5997172,0.07997629,4.51e+20
358,SWIFTJ0709.0-4642,LEDA511628,107.180242,-46.71363,0.04674945,9.09e+20
359,SWIFTJ0709.3-1527,PKS0706-15,107.302151,-15.450997,0.14227673,7.25e+21
360,SWIFTJ0709.4-3559,2MASXJ07091407-3601216,107.308761,-36.02276,0.11071689,3e+21
361,SWIFTJ0710.3+5908,2MASXJ07103005+5908202,107.625273,59.1389942,0.12533212,5.15e+20
362,SWIFTJ0714.2+3518,UGC3752,108.516037,35.279275,0.01579022,6.7e+20
363,SWIFTJ0714.3+4541,Mrk376,108.562843,45.6988517,0.05584909,1.14e+21
364,SWIFTJ0714.7-2521,SWIFTJ0714.7-2521,108.654098,-25.290303,0.04250262,4.87e+21
366,SWIFTJ0718.1+4403,LEDA20607,109.502507,44.0908778,0.06160197,1.09e+21
367,SWIFTJ0723.8-0804,1RXSJ072352.4-080623,110.971135,-8.1039597,0.14492612,4.86e+21
368,SWIFTJ0725.7-0055,PKS0723-008,111.460984,-0.915716,0.12720092,1.66e+21
369,SWIFTJ0725.8+3000,Z147-20,111.405258,29.9541631,0.01786556,7.2e+20
370,SWIFTJ0726.6-3552,LEDA96373,111.609736,-35.906073,0.02995078,3.97e+21
371,SWIFTJ0726.5+3659,2MASXJ07263532+3700028,111.647254,37.0007681,0.1911858,6.66e+20
372,SWIFTJ0727.4-2408,1RXSJ072720.8-240629,111.837717,-24.108984,0.12191061,7.94e+21
376,SWIFTJ0733.2+4558,SDSSJ073309.19+455506.2,113.28835,45.9184102,0.14143427,9.68e+20
377,SWIFTJ0733.9+5156,2MASXJ07332681+5153560,113.36163,51.8988706,0.06521568,6.17e+20
378,SWIFTJ0736.9+5846,Mrk9,114.2376,58.770414,0.03988829,5.61e+20
379,SWIFTJ0739.7-3142,LEDA86063,114.936103,-31.71737,0.02643364,5.75e+21
380,SWIFTJ0741.4-5447,2MASXJ07410919-5447461,115.288365,-54.796045,0.10609794,1.4e+21
381,SWIFTJ0742.3+8024,3C184.1,115.75577,80.4405834,0.11833893,3.48e+20
382,SWIFTJ0742.5+4948,Mrk79,115.636733,49.8096907,0.0221083,6.61e+20
383,SWIFTJ0743.0+6513,Mrk78,115.673761,65.1770973,0.0373091,3.88e+20
384,SWIFTJ0743.3-2546,LEDA86073,115.811371,-25.764017,0.0239008,7.24e+21
385,SWIFTJ0744.0+2914,UGC3995B,116.038012,29.2474598,0.01590467,4.33e+20
387,SWIFTJ0746.3+2548,B20743+25,116.607792,25.8173101,2.97464034,5.12e+20
389,SWIFTJ0747.5+6057,Mrk10,116.871125,60.9335669,0.02887968,5.61e+20
390,SWIFTJ0747.6-7326,LEDA255906,116.909786,-73.431417,0.03592926,2.46e+21
394,SWIFTJ0752.2+1937,HS0749+1943,118.074353,19.595099,0.11698749,4.52e+20
395,SWIFTJ0753.1+4559,LEDA2272950,118.184184,45.9493009,0.05164965,6.21e+20
396,SWIFTJ0755.4+8402,2MASS J07581638+8356362,119.571766,83.9435807,0.13395183,4.53e+20
397,SWIFTJ0756.3-4137,2MASXJ07561963-4137420,119.081748,-41.628372,0.02113553,5.33e+21
398,SWIFTJ0759.8-3844,2MASSJ07594181-3843560,119.92425,-38.732232,0.03997472,6.8e+21
399,SWIFTJ0800.5+2327,Z118-36,119.972717,23.3900988,0.0289515,5.63e+20
400,SWIFTJ0800.1+2638,IC486,120.087402,26.6135066,0.02655329,3.68e+20
402,SWIFTJ0801.9-4946,ESO209-12,120.491537,-49.778437,0.04007455,3.12e+21
403,SWIFTJ0803.4+0842,SDSSJ080327.38+084152.2,120.864087,8.6978678,0.04686087,2.99e+20
404,SWIFTJ0804.2+0507,Mrk1210,121.024381,5.1138525,0.01355409,3.75e+20
405,SWIFTJ0804.6+1045,UGC4211,121.193273,10.7766819,0.03485437,2.38e+20
406,SWIFTJ0805.1-0110,2MASXJ08045299-0108476,121.22077,-1.1466362,0.09154741,3.77e+20
407,SWIFTJ0805.2+6145,CGRaBSJ0805+6144,121.325582,61.739932,3.01812416,5.88e+20
408,SWIFTJ0807.9+3859,Mrk622,121.920822,39.0042387,0.02309267,5.94e+20
409,SWIFTJ0810.9+7602,PG0804+761,122.74436,76.0451306,0.09879216,3.51e+20
410,SWIFTJ0812.3-4004,1RXSJ081215.2-400336,123.058378,-40.05667,0.07493405,8.6e+21
411,SWIFTJ0814.3+0423,Z31-72,123.605559,4.342468,0.03427594,3.48e+20
412,SWIFTJ0817.8+0251,1RXSJ081749.0+025104,124.454971,2.8498324,0.1060687,3.71e+20
413,SWIFTJ0818.1+0120,2MASXJ08181469+0122266,124.561126,1.3742156,0.08971186,4.37e+20
414,SWIFTJ0819.2-2259,LEDA80921,124.740534,-22.87672,0.03419754,1.61e+21
416,SWIFTJ0823.4-0457,Fairall272,125.754538,-4.9348747,0.0222368,5.39e+20
418,SWIFTJ0830.1+4154,SDSSJ082942.65+415436.6,127.427808,41.9102402,0.12609246,3.88e+20
419,SWIFTJ0830.4-6723,2MASXJ08301655-6725289,127.568931,-67.424804,0.03475509,1.2e+21
420,SWIFTJ0832.5+3703,RBS707,128.105608,37.1267294,0.0920075,3.74e+20
423,SWIFTJ0838.4-3557,Fairall1146,129.628211,-35.992598,0.03181762,5.08e+21
425,SWIFTJ0839.6-1213,3C206,129.960768,-12.242866,0.19769082,6.72e+20
426,SWIFTJ0840.2+2947,4C+29.30,130.009822,29.8173889,0.06475404,5e+20
428,SWIFTJ0841.4+7052,[HB89]0836+710,130.351496,70.8950594,2.17453796,3.13e+20
429,SWIFTJ0842.0+0759,SDSSJ084205.57+075925.5,130.523224,7.990427,0.13391045,6.3e+20
430,SWIFTJ0843.5+3551,CASG218,130.937441,35.828428,0.0540044,3.24e+20
431,SWIFTJ0845.0-3531,1RXSJ084521.7-353048,131.339047,-35.506724,0.13721291,4.12e+21
432,SWIFTJ0845.3+1420,SDSSJ084518.51+142034.1,131.327119,14.3427968,0.0607264,2.81e+20
433,SWIFTJ0854.3-0827,SWIFTJ085429.35-082428.6,133.621953,-8.4076316,0.18843545,3.23e+20
434,SWIFTJ0855.6+6425,MCG+11-11-32,133.802422,64.395949,0.03619927,6.24e+20
435,SWIFTJ0855.7-2856,2MASXJ08551746-2854218,133.822757,-28.905933,0.07282509,1.94e+21
436,SWIFTJ0856.0+7812,NGC2655,133.908303,78.2233042,0.0048536,2.35e+20
437,SWIFTJ0859.5+4457,NGC2712,134.877022,44.9139583,0.00675393,2.12e+20
439,SWIFTJ0902.0+6007,Mrk18,135.493352,60.1517402,0.0110572,5.07e+20
440,SWIFTJ0902.7-6816,NGC2788A,135.664435,-68.226803,0.013346,6.31e+20
441,SWIFTJ0902.7-4814,2MASXJ09023729-4813339,135.655479,-48.226054,0.03915191,1.02e+22
442,SWIFTJ0902.8-7414,2MASXJ09034285-7414170,135.928708,-74.238058,0.09061143,1.28e+21
443,SWIFTJ0904.3+5538,SDSSJ090436.96+553602.7,136.153986,55.6007443,0.03714255,2.29e+20
445,SWIFTJ0909.0+0358,1RXSJ090915.6+035453,137.316469,3.911887,3.27018886,3.23e+20
446,SWIFTJ0911.2+4533,LEDA2265450,137.87502,45.4682938,0.0267,1.28e+20
447,SWIFTJ0917.2-6221,IRAS09149-6206,139.039023,-62.324889,0.0570007,2.48e+21
448,SWIFTJ0917.2-6457,2MASXJ09172716-6456271,139.363378,-64.940846,0.08603333,2.18e+21
449,SWIFTJ0918.5+1618,Mrk704,139.608341,16.3054895,0.0294596,3.26e+20
450,SWIFTJ0919.2+5528,Mrk106,139.980611,55.3603187,0.04950419,3.16e+20
451,SWIFTJ0920.1+3712,IC2461,139.991483,37.1910366,0.00753501,1.12e+20
453,SWIFTJ0920.8-0805,MCG-1-24-12,140.192737,-8.056097,0.01960571,3.4e+20
454,SWIFTJ0923.6-2136,PKS0921-213,140.912019,-21.596422,0.05277146,5.75e+20
455,SWIFTJ0923.7+2255,Z121-75,140.929146,22.9090576,0.0331091,3.49e+20
456,SWIFTJ0924.2-3141,2MASXJ09235371-3141305,140.97389,-31.691941,0.04232713,1.96e+21
457,SWIFTJ0925.2-8423,LEDA97526,141.573758,-84.359331,0.0628273,1.32e+21
458,SWIFTJ0925.0+5218,Mrk110,141.303546,52.2862175,0.0352195,1.35e+20
459,SWIFTJ0926.1+6931,2MASXJ09254750+6927532,141.448096,69.4648486,0.03976163,7.78e+20
460,SWIFTJ0926.2+1244,Mrk705,141.513624,12.7343914,0.02862431,3.61e+20
461,SWIFTJ0927.3+2301,NGC2885,141.827103,23.0200837,0.02643901,3.13e+20
463,SWIFTJ0929.7+6232,Z312-12,142.407832,62.5440626,0.0256146,3.54e+20
465,SWIFTJ0934.7-2156,ESO565-19,143.681469,-21.927785,0.01596405,4.96e+20
466,SWIFTJ0935.5+2616,SDSSJ093527.09+261709.6,143.862871,26.2860216,0.12209401,1.71e+20
467,SWIFTJ0935.9+6120,UGC5101,143.964992,61.353256,0.03934225,3.33e+20
468,SWIFTJ0936.2-6553,2MASXJ09360622-6548336,144.026164,-65.809382,0.0390602,2.56e+21
470,SWIFTJ0942.2+2344,Z122-55,145.519944,23.6852767,0.02137239,2.85e+20
471,SWIFTJ0945.6-1420,NGC2992,146.424767,-14.326305,0.00767495,5.89e+20
472,SWIFTJ0947.6-3057,MCG-5-23-16,146.917204,-30.948887,0.00840688,1.2e+21
473,SWIFTJ0947.7+0726,3C227,146.938095,7.422391,0.08611054,2.28e+20
474,SWIFTJ0950.5+7318,4C+73.08,147.441449,73.2397227,0.05828996,2.33e+20
475,SWIFTJ0951.9-0649,NGC3035,147.979284,-6.8229214,0.01441361,6.32e+20
476,SWIFTJ0952.3-6234,CXOJ095220.1-623234,148.085244,-62.543231,0.25207682,3.41e+21
477,SWIFTJ0955.5+6907,M81,148.888451,69.0652157,-0.000113,7.22e+20
480,SWIFTJ0959.5-2248,NGC3081,149.873097,-22.826311,0.00807122,4.63e+20
481,SWIFTJ0959.9+1303,NGC3080,149.982694,13.0438534,0.03540292,3.18e+20
482,SWIFTJ0959.7-3112,LEDA154502,149.927686,-31.216246,0.03735555,7.74e+20
483,SWIFTJ1001.8+2848,3C234,150.456343,28.7858251,0.18484097,1.87e+20
484,SWIFTJ1001.7+5543,NGC3079,150.490793,55.6798305,0.00350451,9.06e+19
485,SWIFTJ1003.4-3726,ESO374-25,150.848342,-37.395825,0.02288412,1.34e+21
486,SWIFTJ1005.9-2305,ESO499-41,151.480741,-23.056905,0.01293848,5.64e+20
487,SWIFTJ1007.4+6534,1RXSJ100712.6+653511,151.807029,65.5836441,0.12658901,4.7e+20
488,SWIFTJ1008.6-0955,LEDA154696,152.202399,-9.9140838,0.05707948,6.56e+20
489,SWIFTJ1009.3-4250,ESO263-13,152.45081,-42.811238,0.03355805,1.56e+21
492,SWIFTJ1013.5-3601,Fairall1149,153.332895,-35.982637,0.02818874,1.21e+21
493,SWIFTJ1017.0-0404,LEDA1063109,154.320079,-4.0821358,0.04068969,4.24e+20
494,SWIFTJ1020.5-0237A,SDSSJ102103.08-023642.6,155.262884,-2.6118136,0.29364524,4.63e+20
495,SWIFTJ1020.5-0237B,SDSSJ101958.58-023436.2,154.994136,-2.5767385,0.05973906,4.5e+20
496,SWIFTJ1021.7-0327,Ark241,155.417701,-3.4538155,0.04098501,4.77e+20
497,SWIFTJ1023.5+1952,NGC3227,155.877395,19.8650946,0.00327673,2.13e+20
498,SWIFTJ1029.8-3821,ESO317-38,157.44,-38.348563,0.01506109,7.63e+20
499,SWIFTJ1031.5-4205,ESO317-41,157.846338,-42.060602,0.0193468,1.25e+21
500,SWIFTJ1031.5+5051,2MASXJ10311847+5053358,157.827182,50.8932988,0.35977274,1.26e+20
501,SWIFTJ1031.9-1418,HE1029-1401,157.976326,-14.280935,0.08519689,6.82e+20
502,SWIFTJ1031.7-3451,NGC3281,157.967011,-34.853686,0.01113415,8.94e+20
503,SWIFTJ1032.7-2835,ESO436-34,158.185592,-28.610151,0.012088,5.19e+20
504,SWIFTJ1033.6+7303,Z333-38,158.598133,73.0140098,0.02240645,7.8e+20
505,SWIFTJ1033.8+5257,SDSSJ103315.71+525217.8,158.315371,52.8716195,0.14036,1.37e+20
507,SWIFTJ1038.8-4942,2MASXJ10384520-4946531,159.68817,-49.781518,0.06015573,3.69e+21
509,SWIFTJ1040.7-4619,LEDA93974,160.093156,-46.423811,0.02385098,1.82e+21
510,SWIFTJ1041.4-1740,2MASXJ10410120-1734300,160.255177,-17.574904,0.08084381,4.94e+20
511,SWIFTJ1042.4+0046,SDSSJ104208.36+004206.1,160.534836,0.7016739,0.09503379,4.76e+20
512,SWIFTJ1043.4+1105,SDSSJ104326.47+110524.2,160.8603,11.0900738,0.04766739,2.69e+20
513,SWIFTJ1044.1+7024,Z333-49,161.035584,70.4053205,0.03324271,2.81e+20
515,SWIFTJ1044.8+3812,UGC5856,161.204042,38.1811801,0.02604336,1.32e+20
516,SWIFTJ1045.3-6024,2MASSJ10445192-6025115,161.216286,-60.419879,0.047,1.41e+22
517,SWIFTJ1046.8+2556,UGC5881,161.677106,25.9316006,0.02045743,2.8e+20
518,SWIFTJ1048.4-2511,NGC3393,162.097766,-25.162043,0.01294208,7.95e+20
519,SWIFTJ1049.4+2258,Mrk417,162.37886,22.9645525,0.03274575,2.05e+20
520,SWIFTJ1051.2-1704A,NGC3431,162.812665,-17.008078,0.01744036,4.84e+20
521,SWIFTJ1051.2-1704B,LEDA32573,162.9061,-17.124721,0.01856286,4.77e+20
522,SWIFTJ1052.8+1043,SDSSJ105232.98+103620.0,163.137378,10.6055292,0.088114,2.48e+20
523,SWIFTJ1059.8+6507,SDSSJ105943.57+650406.4,164.931529,65.0685285,0.08339928,2.1e+20
524,SWIFTJ1100.9+1104,Mrk728,165.25735,11.0470631,0.03574203,2.16e+20
525,SWIFTJ1103.4+3731,SDSSJ110340.27+372925.3,165.917783,37.4903552,0.07387791,1.72e+20
526,SWIFTJ1103.5-2329,2MASXJ11033765-2329307,165.906738,-23.491975,0.18584955,7.03e+20
527,SWIFTJ1104.4+3812,Mrk421,166.113785,38.2088302,0.031,2.03e+20
528,SWIFTJ1105.7+5854A,Z291-28,166.495981,58.9460474,0.04775236,6.18e+19
529,SWIFTJ1105.7+5854B,2MASXJ11053754+5851206,166.406764,58.8557915,0.19121307,6.21e+19
530,SWIFTJ1106.5+7234,NGC3516,166.6977485,72.56866377,0.00871832,4.04e+20
531,SWIFTJ1110.6-2832,ESO438-9,167.699994,-28.501022,0.02382807,6.43e+20
532,SWIFTJ1113.6+0936,Mrk732,168.457338,9.5863043,0.02926605,2.4e+20
533,SWIFTJ1114.3+2020,2MASXJ11140245+2023140,168.510962,20.3883474,0.02713459,1.46e+20
534,SWIFTJ1114.3+7944,MCG+13-8-56,168.683285,79.7266844,0.03710473,4.23e+20
535,SWIFTJ1115.3+5423,2MASXJ11151992+5423167,168.833066,54.3879128,0.0703202,8.06e+19
537,SWIFTJ1119.5+5132,SBS1116+518,169.908414,51.5543278,0.10719398,1.32e+20
538,SWIFTJ1120.8-4316,ESO265-23,170.200068,-43.26397,0.05636364,1.03e+21
542,SWIFTJ1125.6+5423,Arp151,171.400624,54.3825292,0.02061314,1.12e+20
543,SWIFTJ1126.7+3514,Mrk423,171.702153,35.2507345,0.03237716,2.26e+20
544,SWIFTJ1127.5+1906,2MASXJ11271632+1909198,171.81793,19.1555729,0.10569166,1.48e+20
545,SWIFTJ1130.1-1447,PKS1127-14,172.529381,-14.824266,1.18781885,3.82e+20
547,SWIFTJ1131.9-1233,2MASXJ11315154-1231587,172.964776,-12.532959,0.65427467,3.82e+20
548,SWIFTJ1132.7+5301,NGC3718,173.145267,53.0679714,0.00327807,1.1e+20
549,SWIFTJ1132.9+1019A,IC2921,173.205301,10.2964743,0.0437172,3.6e+20
550,SWIFTJ1132.9+1019B,[HB89]1130+106,173.247877,10.395067,0.53960312,3.55e+20
551,SWIFTJ1136.7+6738,2MASXJ11363009+6737042,174.125353,67.6178783,0.13437169,1.12e+20
552,SWIFTJ1136.0+2132,Mrk739E,174.122228,21.5961104,0.02946955,2.14e+20
553,SWIFTJ1136.7-6007,2MASXJ11364205-6003070,174.175214,-60.051723,0.01486414,7.77e+21
554,SWIFTJ1138.9+2529A,LEDA1735060,174.640356,25.3981165,0.02536268,2.3e+20
555,SWIFTJ1138.9+2529B,SDSSJ113915.13+253557.9,174.813041,25.5993964,0.21925049,2.29e+20
556,SWIFTJ1139.1+5913,LEDA36114,174.787326,59.1985528,0.06121367,9.75e+19
557,SWIFTJ1139.0-2323,HE1136-2304,174.71252,-23.359796,0.02717489,3.82e+20
558,SWIFTJ1139.0-3743,NGC3783,174.757133,-37.738611,0.00895786,1.41e+21
560,SWIFTJ1139.8+3157,NGC3786,174.927129,31.9094276,0.00891584,2.17e+20
561,SWIFTJ1141.3+2156,PG1138+222,175.317344,21.9393694,0.06320943,2.17e+20
562,SWIFTJ1142.2+1021,NGC3822,175.546216,10.2778444,0.01947938,4.2e+20
565,SWIFTJ1144.1+3652,KUG1141+371,176.124458,36.8857196,0.03828111,1.75e+20
566,SWIFTJ1143.7+7942,UGC6728,176.316418,79.6815021,0.00597421,5.55e+20
567,SWIFTJ1145.6-1819,HE1143-1810,176.418604,-18.454139,0.03263205,3.46e+20
568,SWIFTJ1145.2+5905,UGC6732,176.38804,58.9781545,0.00729489,1.38e+20
569,SWIFTJ1145.6-6956,PKS1143-696,176.473441,-69.900486,0.24265479,2.81e+21
572,SWIFTJ1148.3+0901,RBS1035,176.979477,9.0413454,0.06894126,2.13e+20
573,SWIFTJ1148.7+2941,MCG+5-28-32,177.191389,29.6412117,0.02283142,1.65e+20
574,SWIFTJ1149.3-0414,LEDA1060433,177.327824,-4.2807703,0.08421807,2.36e+20
575,SWIFTJ1149.3+5307,SDSSJ114921.52+532013.4,177.339656,53.3370322,0.0952272,1.53e+20
576,SWIFTJ1152.1-1122,PG1149-110,178.014787,-11.37337,0.04857758,3.48e+20
577,SWIFTJ1152.6-0512,MCG-1-30-41,178.159044,-5.2070095,0.0185784,2.37e+20
578,SWIFTJ1153.6+4931,4C+49.22,178.351968,49.5191402,0.33352595,2.2e+20
579,SWIFTJ1157.8+5529,NGC3998,179.483894,55.4536137,0.00357417,1.05e+20
580,SWIFTJ1158.9+4234,IC751,179.719247,42.5703255,0.0311885,1.28e+20
581,SWIFTJ1159.7-2002,CTS306,179.920894,-19.990164,0.45324797,3.76e+20
582,SWIFTJ1200.8+0650,Z41-20,180.241436,6.8064024,0.03583412,1.23e+20
583,SWIFTJ1201.2-0341,Mrk1310,180.309806,-3.67816,0.01946029,2.74e+20
584,SWIFTJ1200.2-5350,LEDA38038,180.6984275,-53.83550041,0.02773827,2.23e+21
585,SWIFTJ1203.0+4433,NGC4051,180.79003,44.5313083,0.0020431,1.2e+20
586,SWIFTJ1204.5+2019,NGC4074,181.123622,20.3163092,0.02274145,2.52e+20
587,SWIFTJ1204.8+2758,PG1202+282,181.175478,27.9032976,0.16552247,1.88e+20
588,SWIFTJ1204.9+3105,UGC7064,181.180523,31.1772679,0.02508213,1.42e+20
589,SWIFTJ1205.8+4959,LEDA2359832,181.483384,49.9989665,0.06311923,2.13e+20
590,SWIFTJ1206.2+5243,NGC4102,181.596033,52.7110309,0.00236455,1.78e+20
591,SWIFTJ1207.5+3355,B21204+34,181.887193,33.8778083,0.0789677,1.42e+20
592,SWIFTJ1209.5+4702,Mrk198,182.308814,47.0583628,0.02449278,1.75e+20
593,SWIFTJ1209.4+4340,NGC4138,182.37417,43.6853081,0.003187,1.3e+20
594,SWIFTJ1210.1-4637,CSRG644,182.516875,-46.607529,0.0312873,1.04e+21
595,SWIFTJ1210.5+3924,NGC4151,182.635714,39.4058493,0.00315215,2.5e+20
596,SWIFTJ1210.7+3819,Z215-46,182.684475,38.3361748,0.02297402,1.96e+20
597,SWIFTJ1211.3-3935,LEDA157443,182.809515,-39.557422,0.06089988,9.09e+20
599,SWIFTJ1212.9+0702,NGC4180,183.262791,7.0389178,0.00653229,1.46e+20
600,SWIFTJ1213.1+3239A,Z187-22,183.288784,32.5963555,0.02478087,1.1e+20
601,SWIFTJ1213.1+3239B,B21210+33,183.265867,32.7935448,2.50705979,1.12e+20
604,SWIFTJ1213.9-0531,HE1211-0513,183.477423,-5.5054411,0.06848013,4.11e+20
605,SWIFTJ1214.3+2933,Was49b,183.574281,29.5286987,0.06319973,1.88e+20
606,SWIFTJ1217.2-2611,ESO505-30,184.238056,-26.209168,0.03965045,8.93e+20
607,SWIFTJ1217.3+0714,NGC4235,184.291173,7.1916093,0.00793378,1.53e+20
608,SWIFTJ1218.5+2952,NGC4253,184.610475,29.81294,0.01292423,1.89e+20
609,SWIFTJ1219.4+4720,NGC4258,184.739585,47.3040128,0.00169195,1.67e+20
610,SWIFTJ1221.3+3012,FBQSJ1221+3010,185.341432,30.1769831,0.18388286,2.06e+20
611,SWIFTJ1222.4+7520,Mrk205,185.433717,75.3106378,0.07026753,3.16e+20
612,SWIFTJ1222.4+0414,4C+04.42,185.593939,4.221048,0.96630153,1.73e+20
613,SWIFTJ1223.7+0238,Mrk50,185.850574,2.6790292,0.02368976,1.66e+20
614,SWIFTJ1224.9+2122,PG1222+216,186.226924,21.3795662,0.43201512,2.27e+20
615,SWIFTJ1225.8+1240,NGC4388,186.444914,12.6621556,0.00834408,2.87e+20
616,SWIFTJ1202.5+3332,NGC4395,186.453655,33.546906,0.00110586,1.93e+20
619,SWIFTJ1229.1+0202,3C273,187.277907,2.052393,0.15756751,1.77e+20
621,SWIFTJ1231.4+5758,NGC4500,187.842458,57.9646192,0.01035705,8.57e+19
622,SWIFTJ1232.0-4802,2MASXJ12313717-4758019,187.904764,-47.96723,0.02801453,1.39e+21
623,SWIFTJ1232.1+2009,Mrk771,188.015088,20.1582059,0.06385052,3.04e+20
624,SWIFTJ1232.0-4219,1RXSJ123212.3-421745,188.050059,-42.297366,0.09983,1.03e+21
626,SWIFTJ1235.6-3954,NGC4507,188.902645,-39.909347,0.01168727,9.53e+20
628,SWIFTJ1238.6+0928,SDSSJ123843.43+092736.6,189.680935,9.4601717,0.08291267,1.53e+20
629,SWIFTJ1238.9-2720,ESO506-27,189.727488,-27.307803,0.02421649,6.83e+20
630,SWIFTJ1239.3-1611,LEDA170194,189.776186,-16.179785,0.03632091,3.45e+20
631,SWIFTJ1239.6-0519,NGC4593,189.914336,-5.3441634,0.00831951,2.05e+20
632,SWIFTJ1240.2+3457A,Mrk653,189.96528,34.9749458,0.04281188,1.47e+20
633,SWIFTJ1240.2+3457B,NGC4619,190.435624,35.0627157,0.0229464,1.44e+20
634,SWIFTJ1240.9-3331,ESO381-7,190.195773,-33.569904,0.05468384,7.64e+20
635,SWIFTJ1240.9+2735,KUG1238+278A,190.19327,27.5649509,0.05648959,1.28e+20
636,SWIFTJ1241.6-5748,LEDA166252,190.35732,-57.834291,0.02489719,4.45e+21
638,SWIFTJ1246.6+5435,NGC4686,191.666206,54.534287,0.01659718,1.4e+20
639,SWIFTJ1248.2-5828,2MASXJ12475784-5829599,191.991242,-58.500104,0.02756807,4.4e+21
641,SWIFTJ1252.3-1323,NGC4748,193.051964,-13.414765,0.01414041,4.16e+20
643,SWIFTJ1253.5-4137,ESO323-32,193.334613,-41.635597,0.01632835,1.2e+21
644,SWIFTJ1255.0-2657,CTS18,193.734771,-26.950538,0.05906971,8.5e+20
645,SWIFTJ1256.2-0551,3C279,194.046484,-5.7893621,0.5354184,2.26e+20
648,SWIFTJ1300.1+1635,SDSSJ130005.35+163214.8,195.022285,16.5374535,0.07997944,2.17e+20
651,SWIFTJ1302.9+1620,Mrk783,195.74517,16.4077114,0.06700358,2.04e+20
652,SWIFTJ1303.8+5345,MCG+9-21-96,195.997893,53.7916333,0.03012572,1.78e+20
653,SWIFTJ1304.3-0532,NGC4941,196.054571,-5.5515957,0.00388097,2.41e+20
654,SWIFTJ1304.3-1022,NGC4939,196.059678,-10.339502,0.01054314,3.83e+20
655,SWIFTJ1305.4-4928,NGC4945,196.364385,-49.468039,0.00225919,2.17e+21
656,SWIFTJ1305.4-1034,PKS1302-102,196.387552,-10.555379,0.27786959,3.85e+20
657,SWIFTJ1306.4-4025A,ESO323-77,196.608846,-40.41461,0.01562962,1.11e+21
658,SWIFTJ1306.4-4025B,ESO323-81,196.800383,-40.407563,0.01619998,1.09e+21
659,SWIFTJ1309.2+1139,NGC4992,197.27333,11.634144,0.02518155,2.1e+20
660,SWIFTJ1310.9-5553,IGRJ13109-5552,197.680692,-55.869818,1.55906048,3.61e+21
661,SWIFTJ1312.1-5631,2MASXJ13103701-5626551,197.654369,-56.448508,0.11416074,3.86e+21
662,SWIFTJ1310.7+0834,SDSSJ131057.25+083738.4,197.738572,8.6273098,0.05273082,2.38e+20
663,SWIFTJ1313.1-1108,HE1310-1051,198.274063,-11.12844,0.03458327,3.07e+20
664,SWIFTJ1313.6+3650A,RXJ1313.8+3653,198.453989,36.8994443,0.06694541,1.14e+20
665,SWIFTJ1313.6+3650B,NGC5033,198.364486,36.5938771,0.002763,1.1e+20
666,SWIFTJ1315.8+4420,Mrk248,198.822156,44.4071895,0.03551747,1.57e+20
667,SWIFTJ1316.9-7155,2MASXJ13165424-7155270,199.226235,-71.924177,0.07029365,2.72e+21
669,SWIFTJ1321.2+0859,LEDA46599,200.248236,8.9783658,0.03256101,1.84e+20
670,SWIFTJ1322.2-1641,MCG-3-34-64,200.601925,-16.728445,0.01672548,6.44e+20
671,SWIFTJ1325.4-4301,CenA,201.365094,-43.01922,0.00187695,1.17e+21
674,SWIFTJ1331.2-2524,ESO509-38,202.807622,-25.402756,0.02607113,5.95e+20
675,SWIFTJ1331.6-0504,PKS1329-049,203.018595,-5.1619911,2.0998604,2.4e+20
676,SWIFTJ1332.0-7754,ESO21-4,203.16927,-77.844588,0.00963222,1.69e+21
677,SWIFTJ1333.5-3401,ESO383-18,203.35877,-34.014805,0.01287161,4.88e+20
678,SWIFTJ1334.8-2328,ESO509-IG066,203.665121,-23.446541,0.034243,9.45e+20
679,SWIFTJ1336.0+0304,NGC5231,203.951034,2.9989335,0.02156293,2.03e+20
680,SWIFTJ1335.8-3416,MCG-6-30-15,203.974045,-34.295617,0.00705902,4.74e+20
681,SWIFTJ1337.7-1253,[HB89]1334-127,204.415755,-12.956863,0.53905727,6.53e+20
682,SWIFTJ1338.2+0433,NGC5252,204.566148,4.5426605,0.02297431,2.33e+20
683,SWIFTJ1341.2-1439,HE1338-1423,205.303678,-14.644506,0.04175325,6.21e+20
684,SWIFTJ1341.5+6742,NGC5283,205.273979,67.6722261,0.0103647,1.41e+20
685,SWIFTJ1341.2+3023,Mrk268,205.296431,30.37813,0.04085236,1.43e+20
686,SWIFTJ1341.9+3537,NGC5273,205.53491,35.654301,0.00360589,9.42e+19
687,SWIFTJ1344.7+1934,Z102-48,206.065266,19.5666464,0.02696403,1.78e+20
688,SWIFTJ1345.5+4139,NGC5290,206.329859,41.7123716,0.00856579,9.61e+19
689,SWIFTJ1346.4+1924,SDSSJ134628.41+192243.2,206.618413,19.3786891,0.08432773,1.97e+20
690,SWIFTJ1347.1+7325,2MASSiJ1346085+732053,206.535322,73.3481476,0.28762444,1.93e+20
692,SWIFTJ1347.4-6033,4U1344-60,206.900028,-60.617743,0.01283034,1.3e+22
693,SWIFTJ1347.7+0212,SDSSJ134718.79+021057.5,206.82824,2.1827081,0.1085286,1.83e+20
694,SWIFTJ1349.3-3018,IC4329A,207.330253,-30.309494,0.01597764,5.6e+20
695,SWIFTJ1349.7+0209,UM614,207.470186,2.0792079,0.03275976,1.95e+20
696,SWIFTJ1351.5-1814,CTS103,207.872949,-18.229518,0.01208548,8.84e+20
697,SWIFTJ1352.8+6917,Mrk279,208.264319,69.308181,0.03015192,1.59e+20
698,SWIFTJ1353.7-1122,2MASXJ13532820-1123055,208.367558,-11.384991,0.06872181,4.62e+20
699,SWIFTJ1354.1-3748,Tol113,208.56419,-37.775882,0.05061847,7.87e+20
700,SWIFTJ1354.5+1326,SDSSJ135429.05+132757.2,208.621057,13.4659726,0.06329734,1.87e+20
701,SWIFTJ1355.6+3524,SDSSJ135533.83+352057.8,208.891044,35.3493617,0.10209328,1.27e+20
702,SWIFTJ1356.1+3832,Mrk464,208.973018,38.5746448,0.05041643,1.5e+20
703,SWIFTJ1355.9+1822,Mrk463,209.012003,18.3716668,0.05012825,2.2e+20
704,SWIFTJ1356.6-1932,ESO578-9,209.152966,-19.529101,0.03497423,8.06e+20
707,SWIFTJ1408.1-3024,LEDA50427,212.028271,-30.39832,0.02338363,4.42e+20
710,SWIFTJ1410.9-4229,2MASXJ14104482-4228325,212.686707,-42.475842,0.03395333,7.26e+20
711,SWIFTJ1412.9-6522,CircinusGalaxy,213.291518,-65.339092,0.00149475,7.02e+21
712,SWIFTJ1413.2-0312,NGC5506,213.311989,-3.2076737,0.00597908,4.89e+20
713,SWIFTJ1416.9-1158,LEDA126226,214.208358,-11.982787,0.099105,7.07e+20
714,SWIFTJ1416.9-4640,LEDA511869,214.265265,-46.69478,0.07604417,1.19e+21
715,SWIFTJ1417.7+6143,SDSSJ141742.94+614152.5,214.428945,61.6979692,0.11864247,1.89e+20
716,SWIFTJ1417.7+2539,[HB89]1415+259,214.48613,25.7241162,0.23641452,1.63e+20
717,SWIFTJ1417.9+2507,NGC5548,214.498106,25.1368518,0.01668582,1.64e+20
719,SWIFTJ1419.0-2639,ESO511-30,214.843352,-26.644752,0.02294033,5.89e+20
722,SWIFTJ1421.4+4747,LEDA140305,215.373972,47.7901579,0.07240896,1.73e+20
723,SWIFTJ1424.2+2435,NGC5610,216.095509,24.6141909,0.01691813,2.05e+20
726,SWIFTJ1427.5+1949,Mrk813,216.854357,19.8311839,0.11074919,2.9e+20
727,SWIFTJ1428.7+4234,1ES1426+428,217.135876,42.6725043,0.12933329,1.16e+20
728,SWIFTJ1429.2+0118,Mrk1383,217.277405,1.2850312,0.08590617,2.89e+20
730,SWIFTJ1431.2+2816,Mrk684,217.769934,28.287274,0.04600112,1.58e+20
731,SWIFTJ1432.8-4412,NGC5643,218.169627,-44.174429,0.00404157,1.24e+21
733,SWIFTJ1433.9+0528,NGC5674,218.467835,5.4583791,0.02477026,2.75e+20
734,SWIFTJ1434.9+4837,NGC5683,218.718572,48.6618715,0.0364747,3.15e+20
735,SWIFTJ1436.4+5846,Mrk817,219.092017,58.7942993,0.03119806,1.17e+20
736,SWIFTJ1436.8-1615,HE1434-1600,219.206747,-16.228122,0.14465473,1.09e+21
737,SWIFTJ1439.2+1417,SDSSJ143911.86+141522.0,219.799456,14.2561048,0.07147802,1.5e+20
738,SWIFTJ1441.4+5341,Mrk477,220.158752,53.5044489,0.03771392,1.09e+20
739,SWIFTJ1442.5-1715,NGC5728,220.599473,-17.253016,0.01032112,1e+21
740,SWIFTJ1445.6+2702,Z164-19,221.403531,27.0348778,0.02972627,2.71e+20
741,SWIFTJ1446.7-6416,1RXSJ144628.3-641627,221.617471,-64.273222,0.05257431,5.27e+21
744,SWIFTJ1448.7-4009,WISEJ144850.99-400845.6,222.212411,-40.146051,0.12318868,1e+21
745,SWIFTJ1449.5+8602,2MASXJ14545815+8554589,223.740517,85.9163626,0.1119515,8.68e+20
746,SWIFTJ1451.0-5540A,LEDA3079667,222.888099,-55.677311,0.01809055,6.08e+21
747,SWIFTJ1451.0-5540B,LEDA3085605,222.303112,-55.605703,0.01866257,5.87e+21
748,SWIFTJ1453.3+2558,SDSSJ145307.92+255433.0,223.283022,25.9092005,0.04858042,3.66e+20
750,SWIFTJ1454.9-5133,LEDA3076910,223.822944,-51.570879,0.01610613,4.34e+21
751,SWIFTJ1457.8-4308,IC4518A,224.421579,-43.132062,0.01604738,1.31e+21
752,SWIFTJ1458.9+7143,3C309.1,224.781631,71.672185,0.90111275,2.42e+20
753,SWIFTJ1504.2+1025,Mrk841,226.004963,10.4377321,0.03660376,2.46e+20
754,SWIFTJ1506.7+0353A,Mrk1392,226.485635,3.7073107,0.03600861,4.41e+20
755,SWIFTJ1506.7+0353B,2MASXJ15064412+0351444,226.6838701,3.862314672,0.03725927,4.31e+20
756,SWIFTJ1508.6-4953,PMNJ1508-4953,227.161798,-49.883917,1.52020052,3.38e+21
757,SWIFTJ1508.8-0013,Mrk1393,227.224817,-0.196969,0.05438563,5.84e+20
760,SWIFTJ1512.0-2119,IRAS15091-2107,227.999186,-21.317098,0.04446332,1.22e+21
761,SWIFTJ1512.2-1053A,NVSSJ151148-105023,227.952883,-10.840131,0.94672046,1.14e+21
762,SWIFTJ1512.2-1053B,2MASXJ15120505-1046356,228.021112,-10.776578,0.16579877,1.13e+21
763,SWIFTJ1512.8-0906,PKS1510-08,228.210545,-9.0999498,0.35636903,9.32e+20
765,SWIFTJ1513.8-8125,2MASXJ15144217-8123377,228.674908,-81.393881,0.06869596,1.71e+21
766,SWIFTJ1515.0+4205,NGC5899,228.763559,42.0498183,0.00859691,1.94e+20
767,SWIFTJ1519.6+6538,Z319-7,229.890298,65.5996057,0.04407886,2.87e+20
769,SWIFTJ1521.8+0334,SDSSJ152139.66+033729.2,230.415285,3.6247881,0.12629508,4.06e+20
770,SWIFTJ1523.5+6340,LEDA2821626,230.941135,63.6567529,0.20433634,1.56e+20
771,SWIFTJ1530.0-1300,LEDA944345,232.493016,-13.011035,0.10387996,1.35e+21
772,SWIFTJ1533.2-0836,MCG-1-40-1,233.336239,-8.7005302,0.02302254,1.2e+21
774,SWIFTJ1535.9+5751,Mrk290,233.968338,57.9026449,0.03040355,1.83e+20
776,SWIFTJ1542.0-1410,2MASXJ15422399-1411055,235.599909,-14.184897,0.09671079,1.47e+21
778,SWIFTJ1546.3+6928,LEDA2730634,236.601376,69.4861775,0.03764372,3.47e+20
779,SWIFTJ1547.5+2050,3C323.1,236.931413,20.8712926,0.26434419,4.43e+20
780,SWIFTJ1548.1-6406,SWIFTJ1548.1-6406,237.126567,-64.026344,1.69312392,3.04e+21
783,SWIFTJ1548.5-1344,NGC5995,237.103942,-13.757563,0.02480682,1.57e+21
785,SWIFTJ1553.6+2347,LEDA1694100,238.431631,23.8070547,0.11754874,4.99e+20
786,SWIFTJ1553.6+2606,SDSSJ155334.73+261441.4,238.39473,26.2448551,0.16655392,4.94e+20
787,SWIFTJ1557.8-7913,PKS1549-79,239.245325,-79.234523,0.15033619,1.49e+21
792,SWIFTJ1605.9-7250,LEDA259433,241.346903,-72.898976,0.06927127,1.08e+21
793,SWIFTJ1607.2+4834,SDSSJ160713.91+483326.2,241.808029,48.5573385,0.12485957,1.63e+20
794,SWIFTJ1607.4+8502,LEDA100168,241.850984,85.0296626,0.18309933,8.8e+20
795,SWIFTJ1613.2-6043,LEDA2793282,242.964155,-60.63196,0.01540335,2.91e+21
797,SWIFTJ1614.0+6544,Mrk876,243.488244,65.7194408,0.12917394,2.62e+20
800,SWIFTJ1617.8+3223,3C332,244.427239,32.3762175,0.15096696,1.91e+20
801,SWIFTJ1618.7-5930,LEDA3078020,244.651957,-59.454801,0.03434066,3.25e+21
804,SWIFTJ1621.2+8104,Z367-9,244.830464,81.0464965,0.02392409,5.33e+20
807,SWIFTJ1625.9+4349,87GB162418.8+435342,246.472103,43.7872145,1.048,8.75e+19
808,SWIFTJ1626.5-2951,PKS1622-29,246.525145,-29.857395,0.8138,2.55e+21
810,SWIFTJ1626.7+8530,VIIZw653,246.35805,85.4949357,0.06497586,9.72e+20
811,SWIFTJ1628.1+5145,Mrk1498,247.016911,51.7754172,0.05582549,1.96e+20
815,SWIFTJ1629.9+6722,Mrk885,247.451597,67.3783406,0.02702626,4.47e+20
816,SWIFTJ1630.5+3925,IRAS16288+3929,247.636078,39.3842185,0.03039701,9.58e+19
817,SWIFTJ1631.7+2353,SDSSJ163115.52+235257.4,247.814727,23.8827126,0.05912618,4.43e+20
823,SWIFTJ1635.0-5804,ESO137-34,248.808344,-58.079964,0.00875943,3.6e+21
828,SWIFTJ1643.2+7036,NGC6232,250.834472,70.6325556,0.0148857,6.45e+20
829,SWIFTJ1643.1+3951,3C345,250.745051,39.8102748,0.59280791,1.17e+20
833,SWIFTJ1648.0-3037,2MASXJ16481523-3035037,252.06354,-30.584504,0.03154112,2.88e+21
836,SWIFTJ1650.5+0434,LEDA214543,252.678141,4.6050965,0.03214345,8.52e+20
837,SWIFTJ1652.0-5915A,ESO138-1,252.834467,-59.234511,0.00912061,2.08e+21
838,SWIFTJ1652.0-5915B,NGC6221,253.193038,-59.216953,0.00410786,1.99e+21
839,SWIFTJ1652.3+5554,UGC10593,253.078713,55.9055776,0.02935776,1.74e+20
841,SWIFTJ1652.9+0223,NGC6240,253.245401,2.4010169,0.02471891,6.26e+20
842,SWIFTJ1653.2+2352,SDSSJ165315.05+234942.9,253.312743,23.8285803,0.10369172,5.01e+20
843,SWIFTJ1654.0+3946,Mrk501,253.467585,39.7601783,0.03412338,1.64e+20
846,SWIFTJ1656.1-5200,1RXSJ165605.6-520345,254.023374,-52.061355,0.05379404,3.85e+21
847,SWIFTJ1656.3-3302,2MASSJ16561677-3302127,254.06992,-33.03686,2.392112,3.35e+21
862,SWIFTJ1708.6+2155,SDSSJ170859.13+215308.1,257.246334,21.8855963,0.0725173,6.48e+20
875,SWIFTJ1717.1-6249,NGC6300,259.248121,-62.820563,0.00313124,1.06e+21
876,SWIFTJ1719.7+4900,ARP102B,259.810419,48.9803873,0.02486481,1.77e+20
880,SWIFTJ1721.7+4316,RBS1640,260.507973,43.2566668,0.13956713,2.05e+20
882,SWIFTJ1723.2+3418,4C+34.47,260.836649,34.2994462,0.20600963,3.36e+20
883,SWIFTJ1723.5+3630,RBS1645,260.84668,36.5028348,0.03998859,4.52e+20
888,SWIFTJ1731.3+1442,2MASXJ17311341+1442561,262.805752,14.7155099,0.08230932,8.76e+20
894,SWIFTJ1733.3+3635,2MASXJ17333689+3631319,263.403652,36.5255177,0.04366094,3.46e+20
896,SWIFTJ1737.5-2908,1RXSJ173728.0-290759,264.368292,-29.133913,0.02175953,9.01e+21
897,SWIFTJ1737.7-5956A,1RXSJ173751.2-600408,264.466913,-60.066598,3.65602484,7.87e+20
898,SWIFTJ1737.7-5956B,ESO139-12,264.412793,-59.940717,0.01692902,7.93e+20
905,SWIFTJ1741.9-1211,1RXSJ174155.3-121157,265.480238,-12.199042,0.03759909,3.42e+21
906,SWIFTJ1742.1-6054,PKS1737-60,265.506235,-60.920082,0.15201192,7.54e+20
907,SWIFTJ1742.2+1833,Q1739+184,265.52896,18.4558532,0.18571405,6.88e+20
909,SWIFTJ1743.4+6253,Z300-62,265.822528,62.8392183,0.03547632,3.27e+20
912,SWIFTJ1745.4+2906,1RXSJ174538.1+290823,266.409439,29.1394937,0.11028519,6.13e+20
923,SWIFTJ1747.7-2253,2MASSJ17472972-2252448,266.872775,-22.878833,0.04670629,4.45e+21
924,SWIFTJ1747.8+6837A,Mrk507,267.159564,68.7045251,0.05503784,4.56e+20
925,SWIFTJ1747.8+6837B,2MASSJ17465953+6836303,266.748141,68.6085193,0.0637853,4.62e+20
929,SWIFTJ1748.8-3257,2MASSJ17485512-3254521,267.229743,-32.914606,0.02065952,5.8e+21
935,SWIFTJ1751.8-6019,2MASXJ17515581-6019430,267.982548,-60.328703,0.11203107,9.35e+20
942,SWIFTJ1800.3+6637,NGC6552,270.030283,66.6150908,0.02681503,4.54e+20
948,SWIFTJ1802.8-1455,2MASXiJ1802473-145454,270.69743,-14.915237,0.034322,5.93e+21
950,SWIFTJ1807.9+1124,LEDA2808003,271.957963,11.3469771,0.0782,1.1e+21
960,SWIFTJ1816.0+4236,MCG+7-37-31,274.048866,42.6615667,0.04118752,3.6e+20
967,SWIFTJ1822.0+6421,Q1821+643,275.488441,64.3433924,0.29681508,3.93e+20
968,SWIFTJ1821.6+5953,2MASXJ18212680+5955209,275.361887,59.9225158,0.09961029,3.92e+20
970,SWIFTJ1824.3-5624,IC4709,276.080758,-56.369095,0.01689264,9.98e+20
971,SWIFTJ1824.2+1845,CGMW5-03333,276.045113,18.7690921,0.06669989,2.74e+21
974,SWIFTJ1825.7+7215,LEDA61865,276.373728,72.1510813,0.11080592,6.15e+20
976,SWIFTJ1826.1-0710,CXOJ182557.5-071022,276.489981,-7.1729886,0.03698944,7.68e+21
978,SWIFTJ1826.8+3254,LEDA3097193,276.635039,32.8582361,0.02227773,8.35e+20
980,SWIFTJ1829.4+4846,3C380,277.382419,48.7461722,0.69166326,7.3e+20
981,SWIFTJ1830.8+0928,CGMW5-04382,277.710977,9.4783392,0.01926842,2.5e+21
983,SWIFTJ1833.7-2105,PKS1830-21,278.416301,-21.061125,2.507,3.44e+21
984,SWIFTJ1835.0+3240,3C382,278.764124,32.6963467,0.05790028,8.96e+20
986,SWIFTJ1836.9-5924,Fairall49,279.24264,-59.402291,0.01959064,8.36e+20
988,SWIFTJ1838.4-6524,ESO103-35,279.584683,-65.427552,0.01346849,7.22e+20
994,SWIFTJ1842.0+7945,3C390.3,280.537518,79.7714274,0.0556487,4.41e+20
995,SWIFTJ1844.5-6221,Fairall51,281.224968,-62.364693,0.0138641,9.57e+20
998,SWIFTJ1845.4+7211,Z341-6,281.35912,72.1837268,0.04659424,6.97e+20
1000,SWIFTJ1852.2+8424A,SWIFTJ185024.2+842240,282.60455,84.3790556,0.18312246,7.2e+20
1001,SWIFTJ1852.2+8424B,1RXSJ184642.2+842506,281.707105,84.4181331,0.22538141,7.27e+20
1002,SWIFTJ1848.0-7832,LEDA89032,281.761632,-78.530429,0.07396131,1.26e+21
1007,SWIFTJ1852.8+3002,GALEXASCJ185249.68+300425.8,283.206294,30.0741661,0.0573007,2.17e+21
1009,SWIFTJ1856.5-7851,Fairall189,283.667776,-78.898317,0.02828661,1.32e+21
1013,SWIFTJ1856.1+1539,SSTSL2J185600.55+153758.4,284.002287,15.6329011,0.08441519,4.98e+21
1015,SWIFTJ1856.6-5443,2MASXJ18564935-5442298,284.205719,-54.708313,0.05632084,7.78e+20
1016,SWIFTJ1856.2-7829,LEDA140831,284.282311,-78.472545,0.04227545,1.31e+21
1020,SWIFTJ1903.9+3349,UGC11397,285.954741,33.8447717,0.01512378,9.99e+20
1021,SWIFTJ1905.4+4231,Z229-15,286.358083,42.4610344,0.02755006,7.43e+20
1027,SWIFTJ1913.3-5010,ESO231-26,288.311389,-50.18287,0.06215132,6.59e+20
1031,SWIFTJ1919.4-2958,LEDA2829969,289.866855,-29.968896,0.16685572,1.13e+21
1032,SWIFTJ1921.1-5842,ESO141-55,290.308978,-58.670275,0.03705331,6.5e+20
1036,SWIFTJ1925.0+5041,2E1923.7+5037,291.259097,50.7204953,0.06758202,1.07e+21
1037,SWIFTJ1926.9+4140,2MASXJ19263018+4133053,291.625904,41.5513839,0.07168564,1.25e+21
1038,SWIFTJ1928.0+7356,4C+73.18,291.952016,73.9670719,0.30209982,1.07e+21
1040,SWIFTJ1930.5+3414,2MASXJ19301380+3410495,292.557498,34.1804257,0.06377,2.48e+21
1041,SWIFTJ1933.9+3258,2MASSJ19334715+3254259,293.446495,32.9072071,0.05868379,3.38e+21
1042,SWIFTJ1937.5-0613,LEDA90334,294.387614,-6.2180018,0.01035936,1.91e+21
1043,SWIFTJ1938.1-5108,CTS61,294.518313,-51.163818,0.03995944,4.48e+20
1045,SWIFTJ1940.4-3015,LEDA2817164,295.062992,-30.264242,0.05266955,1.3e+21
1046,SWIFTJ1942.6-1024,NGC6814,295.669105,-10.323637,0.00579177,1.48e+21
1047,SWIFTJ1943.5+2120,2MASSJ19435624+2118233,295.984335,21.3063851,0.14,9.8e+21
1049,SWIFTJ1947.3+4447,2MASXJ19471938+4449425,296.830655,44.8283651,0.05403439,2.75e+21
1051,SWIFTJ1952.4+0237,3C403,298.065828,2.5067148,0.05839908,1.95e+21
1057,SWIFTJ1959.4+4044,CygnusA,299.868227,40.7339116,0.05654853,4.14e+21
1058,SWIFTJ1959.6+6507,QSOB1959+650,299.9993,65.1485285,0.047,1.63e+21
1060,SWIFTJ2001.0-1811,LEDA63981,300.23239,-18.174274,0.03705867,1.13e+21
1062,SWIFTJ2006.5+5619,2MASXJ20063331+5620364,301.638999,56.3435846,0.043118,2.93e+21
1063,SWIFTJ2007.0-3433,CTS28,301.741371,-34.548519,0.0251503,9.4e+20
1064,SWIFTJ2009.0-6103,NGC6860,302.195379,-61.099952,0.01468487,3.6e+20
1065,SWIFTJ2009.6-4851,PKS2005-489,302.355826,-48.831577,0.0708509,4.67e+20
1066,SWIFTJ2010.6-2521,1RXSJ201020.0-252356,302.582341,-25.399819,0.82492447,1.29e+21
1067,SWIFTJ2010.7+4801,2MASXJ20101740+4800214,302.572605,48.0059383,0.02584365,4.61e+21
1068,SWIFTJ2011.5-1544,PKS2008-159,302.815474,-15.777862,1.18394122,7.88e+20
1070,SWIFTJ2015.2+2526,2MASXJ20145928+2523010,303.746925,25.383657,0.04589085,4.76e+21
1071,SWIFTJ2015.9+3715,QSOB2013+370,303.86989,37.1832977,0.85846189,1.29e+22
1072,SWIFTJ2018.4-5539,LEDA64440,304.505414,-55.65875,0.06076405,5.82e+20
1073,SWIFTJ2018.8+4041,2MASXJ20183871+4041003,304.661383,40.6833243,0.01450905,1.19e+22
1074,SWIFTJ2021.9+4400,2MASXJ20214907+4400399,305.454294,44.0109123,0.01747667,1.02e+22
1075,SWIFTJ2024.0-0246,1RXSJ202400.8-024527,306.008863,-2.7590708,0.13752285,6.69e+20
1076,SWIFTJ2027.1-0220,Z373-11,306.732965,-2.2777102,0.02922011,8.67e+20
1077,SWIFTJ2028.5+2543,NGC6921,307.120373,25.7233823,0.01406486,3.44e+21
1078,SWIFTJ2029.4-6149,2MASXJ20293125-6149087,307.380131,-61.8191,0.12427367,5.75e+20
1079,SWIFTJ2030.2-7532,IRAS20247-7542,307.673809,-75.545314,0.11405589,7.4e+20
1082,SWIFTJ2033.4+2147,4C+21.55,308.383462,21.7728948,0.17359192,1.41e+21
1083,SWIFTJ2034.0-0943,2MASXJ20341926-0945586,308.58032,-9.7664501,0.08155081,5.48e+20
1084,SWIFTJ2035.2+2604,2MASXJ20350566+2603301,308.773539,26.0583266,0.0486436,3.08e+21
1085,SWIFTJ2035.6-5013,Fairall346,308.991172,-50.192286,0.00875447,2.5e+20
1087,SWIFTJ2040.2-5126,ESO234-63,310.065782,-51.429687,0.0540886,2.57e+20
1088,SWIFTJ2042.3+7507,4C+74.26,310.655434,75.1340134,0.10499406,2.31e+21
1089,SWIFTJ2044.0+2832,1RXSJ204404.0+283303,311.017734,28.5526308,0.04926075,2.94e+21
1090,SWIFTJ2044.2-1045,Mrk509,311.040636,-10.723539,0.03469575,5.16e+20
1091,SWIFTJ2048.4+3815,1RXSJ204826.8+381120,312.112497,38.1903626,0.10539422,6.62e+21
1092,SWIFTJ2052.0-5704,IC5063,313.009818,-57.068756,0.01126748,7.39e+20
1093,SWIFTJ2056.0-4713,PKS2052-47,314.068185,-47.246567,1.4926,3.23e+20
1096,SWIFTJ2059.6+4301B,SWIFTJ210001.06+430209.6,315.004153,43.036367,0.06602313,8.29e+21
1097,SWIFTJ2102.6-2810,ESO464-16,315.599127,-28.174635,0.03626166,1e+21
1099,SWIFTJ2109.1-0942,H2106-099,317.291561,-9.6707718,0.02677063,1.11e+21
1100,SWIFTJ2109.2+3531,1RXSJ210932.5+353245,317.382809,35.5493408,0.20097187,1.93e+21
1102,SWIFTJ2114.4+8206,S52116+81,318.504777,82.0800919,0.08322243,1.09e+21
1104,SWIFTJ2116.3+2512,2MASXJ21161028+2517010,319.042957,25.2836558,0.15342948,1.03e+21
1105,SWIFTJ2117.5+5139,2MASXJ21174741+5138523,319.448755,51.6491052,0.053392,1.32e+22
1106,SWIFTJ2118.9+3336,2MASXJ21192912+3332566,319.871366,33.5491696,0.05088255,2.03e+21
1108,SWIFTJ2123.6+2506,LEDA66688,320.935787,25.0743855,0.10168061,1.14e+21
1110,SWIFTJ2124.6+5057,4C+50.55,321.163983,50.9738487,0.01537004,1.15e+22
1111,SWIFTJ2127.4+5654,IGRJ21277+5656,321.939155,56.9430461,0.01490951,9.09e+21
1112,SWIFTJ2129.1-1538,PKS2126-15,322.300761,-15.644765,3.29102682,6.01e+20
1114,SWIFTJ2132.0-3343,CTS109,323.00919,-33.714948,0.03002403,4.32e+20
1116,SWIFTJ2134.9-2729,2MASXJ21344509-2725557,323.688071,-27.432078,0.06684141,3.08e+20
1117,SWIFTJ2156.1+4728,2MASXJ21355399+4728217,323.975108,47.4727509,0.02575057,4.68e+21
1118,SWIFTJ2135.5-6222,LEDA89176,324.096269,-62.400159,0.05883238,3.4e+20
1119,SWIFTJ2136.8-6444,RBS1764,324.219637,-64.634381,0.07005184,3.62e+20
1120,SWIFTJ2137.8-1433,Q2135-147,324.438318,-14.548818,0.2000237,5.23e+20
1121,SWIFTJ2138.8-3207,Z493-2,324.639303,32.0849447,0.02468845,1.62e+21
1122,SWIFTJ2139.7+5951,1RXSJ213944.3+595016,324.937337,59.8375222,0.11417229,7.12e+21
1125,SWIFTJ2145.5+1101,1RXSJ214532.2+110255,326.386735,11.0486316,0.20864308,6.49e+20
1126,SWIFTJ2148.0+0657,PKS2145+06,327.022753,6.9607346,0.99992247,5.56e+20
1127,SWIFTJ2148.3-3454,NGC7130,327.081366,-34.951248,0.01583155,2.11e+20
1128,SWIFTJ2150.2-1855,LEDA2831062,327.49196,-18.989947,0.15744107,3.26e+20
1129,SWIFTJ2152.0-3030,PKS2149-306,327.981347,-30.464872,2.3400416,1.76e+20
1130,SWIFTJ2156.2+1724,2MASXJ21561518+1722525,329.063469,17.3812736,0.03417048,7.76e+20
1131,SWIFTJ2157.2-6942,ESO75-41,329.274942,-69.689906,0.02796853,2.9e+20
1132,SWIFTJ2157.4-0615,2MASSJ21572678-0610176,329.361597,-6.1715626,0.17627987,3.04e+20
1133,SWIFTJ2200.9+1032,Mrk520,330.172292,10.5522395,0.02748904,5.21e+20
1134,SWIFTJ2201.9+5057,87GB215950.2+503417,330.431401,50.8157,1.89951646,5.12e+21
1135,SWIFTJ2201.9-3152,NGC7172,330.507894,-31.869591,0.00851075,2.12e+20
1136,SWIFTJ2202.8+4218,BLLac,330.680388,42.2777548,0.06550448,2.92e+21
1137,SWIFTJ2203.0+3146,4C+31.63,330.812421,31.7606397,0.29470599,1.2e+21
1138,SWIFTJ2204.7+0337,IRAS22017+0319,331.079853,3.5642181,0.06139771,4.62e+20
1139,SWIFTJ2207.3+1013,UGC11910,331.75831,10.2336449,0.02656691,6.33e+20
1141,SWIFTJ2209.1-2747,NGC7214,332.281946,-27.809469,0.02266524,1.77e+20
1142,SWIFTJ2209.4-4711,NGC7213,332.31755,-47.166696,0.00476736,1.11e+20
1143,SWIFTJ2211.7+1843,IIZw171,332.974532,18.6971891,0.06958437,5.11e+20
1145,SWIFTJ2214.2-2557,2MASXJ22140917-2557487,333.538257,-25.963728,0.05170644,1.86e+20
1146,SWIFTJ2217.0+1413,Mrk304,334.301105,14.2391405,0.06544828,5.76e+20
1149,SWIFTJ2219.7+2614,2MASXJ22194971+2613277,334.9573,26.2244447,0.08772851,8.74e+20
1150,SWIFTJ2223.8+1143,MCG+2-57-2,335.937575,11.8358787,0.02969409,7.05e+20
1151,SWIFTJ2223.9-0207,3C445,335.956423,-2.1035701,0.05607615,5.7e+20
1152,SWIFTJ2226.8+3628,UGC12040,336.774045,36.3615834,0.02083424,1.3e+21
1153,SWIFTJ2229.9+6646,IGRJ22292+6647,337.307752,66.7809666,0.11175124,6.25e+21
1154,SWIFTJ2229.7-0831,PKS2227-088,337.417018,-8.5484512,1.55962346,4.97e+20
1155,SWIFTJ2232.5+1141,[HB89]2230+114,338.151714,11.730796,1.03624018,6.64e+20
1156,SWIFTJ2234.8-2542,ESO533-50,338.70762,-25.676951,0.02648266,1.54e+20
1157,SWIFTJ2235.9-2602,NGC7314,338.942507,-26.050436,0.00460701,1.59e+20
1158,SWIFTJ2235.9+3358,NGC7319,339.014923,33.9758366,0.02257075,7.94e+20
1160,SWIFTJ2237.0+2543,IC5233,339.137003,25.7631543,0.02496034,5.22e+20
1161,SWIFTJ2236.7-1233,Mrk915,339.193721,-12.545223,0.02394451,6.59e+20
1162,SWIFTJ2240.2+0801,UGC12138,340.071133,8.0537689,0.02493767,8.83e+20
1163,SWIFTJ2242.4-3711,ESO406-4,340.639112,-37.185442,0.02876828,1.07e+20
1164,SWIFTJ2243.2-4539,2MASXJ22422135-4539093,340.588956,-45.652581,0.1206752,1.1e+20
1165,SWIFTJ2246.0+3941,3C452,341.453007,39.6877556,0.08147157,1.44e+21
1166,SWIFTJ2248.7-5109,RBS1897,342.171569,-51.164812,0.10243319,9.64e+19
1167,SWIFTJ2248.8+1725,2MASXJ22484430+1727034,342.184758,17.4509405,0.08566311,7.68e+20
1168,SWIFTJ2250.7-0854,SDSSJ225051.71-085456.8,342.715478,-8.9157826,0.06498402,3.94e+20
1169,SWIFTJ2251.9+2215,MG3J225155+2217,342.972916,22.2937405,3.64744341,6.49e+20
1170,SWIFTJ2251.8-3210,1RXSJ225146.9-320614,342.946381,-32.104375,0.246,1.39e+20
1171,SWIFTJ2253.9+1608,3C454.3,343.490612,16.1482502,0.85788577,8.59e+20
1172,SWIFTJ2254.1-1734,MR2251-178,343.524522,-17.582035,0.06450101,2.71e+20
1173,SWIFTJ2254.2+1147A,UGC12243,343.681327,11.7141072,0.02850846,6.97e+20
1174,SWIFTJ2254.2+1147B,UGC12237,343.581956,11.7825716,0.02821508,6.75e+20
1176,SWIFTJ2256.5+0526,RBS1917,344.151909,5.4214047,0.0659334,7.72e+20
1177,SWIFTJ2258.9+4054,UGC12282,344.730478,40.9323316,0.01775995,1.43e+21
1178,SWIFTJ2259.7+2458,LEDA70195,344.887169,24.9183046,0.03370706,7.67e+20
1179,SWIFTJ2301.4-5916,RBS1931,345.400957,-59.22251,0.15000825,1.89e+20
1180,SWIFTJ2302.1+1557,NGC7465,345.504003,15.964772,0.00634269,7.2e+20
1181,SWIFTJ2303.1-1837,PKS2300-18,345.762391,-18.690501,0.12823204,2.4e+20
1182,SWIFTJ2303.3+0852,NGC7469,345.815059,8.8739169,0.01599874,5.39e+20
1183,SWIFTJ2304.8-0843,Mrk926,346.181173,-8.6857273,0.04774333,3.34e+20
1184,SWIFTJ2304.9+1220,NGC7479,346.235967,12.322961,0.00710453,7.7e+20
1185,SWIFTJ2307.1+0433,PG2304+042,346.762144,4.5491767,0.04255092,6.26e+20
1186,SWIFTJ2307.9+2245,UGC12383,346.9536,22.7103453,0.03489472,1.09e+21
1187,SWIFTJ2308.1+4014,2MASXJ23075724+4016393,346.988579,40.2775306,0.07265844,1.36e+21
1188,SWIFTJ2318.4-4223,NGC7582,349.598445,-42.370422,0.00524908,1.39e+20
1189,SWIFTJ2318.9+0013,NGC7603,349.736066,0.2438751,0.02871671,4.42e+20
1191,SWIFTJ2320.8+6434,2MASXJ23203662+6430452,350.152448,64.5124415,0.07291264,9.21e+21
1192,SWIFTJ2322.5-0646,LEDA1029085,350.601969,-6.7605575,0.0329256,3.23e+20
1194,SWIFTJ2325.5-3827,IRAS23226-3843,351.350833,-38.446978,0.03605421,1.88e+20
1195,SWIFTJ2325.6+2157,RHS61,351.476032,21.8871903,0.1201842,4.76e+20
1196,SWIFTJ2327.4+1525,2MASXJ23272195+1524375,351.841539,15.4103698,0.04595927,4.44e+20
1197,SWIFTJ2327.5+0938,PKS2325+093,351.889909,9.6693623,1.85509526,4.65e+20
1198,SWIFTJ2328.9+0328,NGC7682,352.266318,3.5332999,0.01705606,6.4e+20
1199,SWIFTJ2330.5+7124,2MASXJ23303771+7122464,352.657037,71.3796142,0.03744393,4.2e+21
1200,SWIFTJ2333.9-2342,PKS2331-240,353.480141,-23.727957,0.04728494,1.75e+20
1202,SWIFTJ2341.8+3033,UGC12741,355.481134,30.5817731,0.01799429,8.03e+20
1203,SWIFTJ2343.9+0537,LEDA3092070,355.998174,5.6398993,0.05616891,9.95e+20
1204,SWIFTJ2344.6-4246,RBS2043,356.182952,-42.720117,0.59707208,1.58e+20
1205,SWIFTJ2346.8+5143,2MASXJ23470479+5142179,356.770143,51.7049725,0.04425891,2.44e+21
1206,SWIFTJ2351.9-0109,PG2349-014,357.983841,-1.1536892,0.17400194,3.95e+20
1207,SWIFTJ2352.2+5845,CXOJ235221.9+584531,358.092058,58.7585384,0.16285737,6.5e+21
1208,SWIFTJ2352.6-1707,2MASXJ23525143-1704370,358.214243,-17.076995,0.0546952,1.71e+20
1209,SWIFTJ2359.0-3038,H2356-309,359.782919,-30.62796,0.16513808,1.5e+20
1210,SWIFTJ2359.3-6058,PKS2356-61,359.767938,-60.91644,0.09621106,1.57e+20
1077,SWIFTJ2028.5+2543,MCG+04-48-002,307.146087,25.733383,0.01327178,3.45e+21
112,SWIFTJ0209.5-1010,NGC833,32.336859,-10.133086,0.013548,2.73e+20
841,SWIFTJ1652.9+0223,NGC6240N,253.245401,2.4010169,0.02471891,6.26e+20
