SwiftName,name,ra,dec,time,stop_time,obsid,exposure,public_date,_Search_Offset
SWIFTJ0006.2+2012,MKN 335               ,00 06 18.31,+20 12 32.8,2013-06-14 23:30:11,2013-06-18 20:50:20,708016020,154816.8, 2013-04-01,"   0.468 (1.5814004,20.2029512)"
SWIFTJ0006.2+2012,MARKARIAN 335         ,00 06 12.94,+20 15 44.6,2006-06-21 01:29:56,2006-06-24 18:12:19,701031010,151288.4, 2007-10-28,"   3.888 (1.5814004,20.2029512)"
SWIFTJ0006.2+2012,MKN 335               ,00 06 18.41,+20 12 30.6,2013-06-11 03:35:16,2013-06-14 23:30:10,708016010,143995.0, 2013-04-01,"   0.425 (1.5814004,20.2029512)"
SWIFTJ0010.5+1057,III ZW 2              ,00 10 29.86,+10 59 02.0,2011-06-14 23:42:25,2011-06-16 23:30:09,706031010,81466.0, 2012-07-19,"   0.611 (2.6291746,10.9748617)"
SWIFTJ0042.9-2332,NGC 235A              ,00 42 52.22,-23 32 16.1,2013-12-10 02:12:44,2013-12-10 11:30:11,708026010,19825.1, 2013-04-01,"  0.237 (10.7200423,-23.541046)"
SWIFTJ0046.2-4008,ESP 39607             ,00 46 22.13,-40 05 48.5,2010-12-19 18:25:57,2010-12-21 07:37:19,705048010,60668.7, 2012-02-03,"  0.276 (11.5861961,-40.097039)"
SWIFTJ0048.8+3155,MRK 348               ,00 48 45.86,+31 57 49.0,2008-06-28 22:22:54,2008-07-01 01:25:08,703029010,87461.4, 2009-07-19,"  0.481 (12.1964231,31.9569703)"
SWIFTJ0051.9+1724,MKN 1148              ,00 51 55.32,+17 25 23.2,2013-12-30 06:51:12,2013-12-31 01:30:23,708033010,28318.9, 2013-04-01,"  0.604 (12.9781786,17.4329205)"
SWIFTJ0059.4+3150,MRK 352               ,00 59 59.78,+31 45 27.0,2010-01-06 11:19:27,2010-01-07 14:25:19,704025010,45671.7, 2011-02-10,"  4.394 (14.9720011,31.8270228)"
SWIFTJ0109.0+1320,3C 33                 ,01 08 58.68,+13 16 46.6,2007-12-26 07:16:13,2007-12-29 15:20:14,702059010,127367.7, 2009-01-23,"  3.740 (17.2203085,13.3373168)"
SWIFTJ0114.4-5522,NGC 454               ,01 14 02.64,-55 23 07.1,2009-04-29 05:30:01,2009-05-02 09:39:19,704009010,128956.2, 2010-05-26,"  3.244 (18.6039118,-55.397048)"
SWIFTJ0123.8-3504,NGC 526A              ,01 23 55.06,-35 04 22.4,2011-01-17 18:13:23,2011-01-19 15:22:11,705044010,72934.6, 2012-02-04,"  0.469 (20.9765475,-35.065445)"
SWIFTJ0123.9-5846,FAIRALL 9             ,01 23 23.52,-58 46 42.2,2010-05-19 03:00:49,2010-05-22 18:21:22,705063010,229296.3, 2010-04-01,"  3.318 (20.9407192,-58.805775)"
SWIFTJ0123.9-5846,FAIRALL 9             ,01 23 47.54,-58 48 50.8,2007-06-07 03:43:52,2007-06-09 13:50:24,702043010,167798.3, 2008-11-03,"  0.550 (20.9407192,-58.805775)"
SWIFTJ0127.5+1910,MRK 0359              ,01 27 33.43,+19 10 32.5,2007-02-06 23:29:43,2007-02-09 08:58:17,701082010,107507.0, 2008-09-26,"  0.286 (21.8854896,19.1788337)"
SWIFTJ0134.1-3625,SWIFT J0134.1-3625    ,01 33 44.28,-36 27 58.0,2008-05-20 16:18:39,2008-05-21 20:08:12,703016010,48511.6, 2009-06-03,"  3.148 (23.4903535,-36.493219)"
SWIFTJ0138.6-4001,SWIFT J0138.6-4001    ,01 38 24.53,-39 58 32.5,2006-06-04 18:13:04,2006-06-05 05:00:19,701015010,21197.9, 2007-10-21,"  3.233 (24.6548345,-40.011438)"
SWIFTJ0152.8-0329,IGRJ01528             ,01 52 48.26,-03 26 47.0,2009-06-25 00:48:41,2009-06-26 03:25:24,704043010,46915.9, 2010-07-09,"   0.195 (28.2043279,-3.446844)"
SWIFTJ0201.0-0648,NGC 788               ,02 01 02.88,-06 45 33.5,2008-07-13 00:50:57,2008-07-14 01:14:24,703032010,45907.3, 2009-08-05,"  3.510 (30.2769167,-6.8158862)"
SWIFTJ0206.2-0019,MRK1018               ,02 06 11.30,-00 14 06.4,2009-07-03 00:17:32,2009-07-04 02:15:19,704044010,43901.4, 2010-07-18,"  3.578 (31.5666194,-0.2914554)"
SWIFTJ0209.5-1010,ARP318                ,02 09 31.01,-10 09 31.0,2014-08-04 21:20:14,2014-08-06 19:48:23,709009010,80219.5, 2015-09-02,"  2.933 (32.3368516,-10.133077)"
SWIFTJ0214.6-0049,MKN 590               ,02 14 34.70,-00 46 11.3,2011-01-23 02:15:01,2011-01-24 15:00:18,705043010,61554.7, 2012-02-08,"  0.340 (33.6398451,-0.7667201)"
SWIFTJ0214.6-0049,MKN 590               ,02 14 35.45,-00 46 16.7,2011-01-26 02:16:45,2011-01-27 05:09:10,705043020,40913.9, 2012-03-02,"  0.546 (33.6398451,-0.7667201)"
SWIFTJ0216.3+5128,PBC J0216.1+5124      ,02 16 22.90,+51 30 37.4,2010-08-13 23:20:53,2010-08-15 10:00:13,705006010,72773.3, 2011-08-31,"  5.245 (34.1116052,51.4235729)"
SWIFTJ0225.0+1847,RBS 315               ,02 25 00.46,+18 50 23.3,2006-07-25 19:36:03,2006-07-27 00:58:19,701077010,47830.9, 2007-10-27,"  3.715 (36.2694267,18.7801554)"
SWIFTJ0228.1+3118,MARKARIAN 1040        ,02 28 13.44,+31 18 59.8,2013-08-11 21:59:52,2013-08-15 04:02:09,707046010,137435.3, 2014-10-25,"  0.375 (37.0603048,31.3115385)"
SWIFTJ0234.6-0848,NGC985                ,02 34 30.70,-08 44 16.8,2009-07-15 14:49:11,2009-07-16 14:13:14,704042010,31996.9, 2010-07-29,"  3.469 (38.6576352,-8.7877916)"
SWIFTJ0241.3-0816,NGC 1052              ,02 40 55.42,-08 12 48.2,2007-07-16 10:21:12,2007-07-18 21:05:24,702058010,100669.1, 2008-08-29,"  3.443 (40.2700061,-8.2557579)"
SWIFTJ0242.6+0000,NGC 1068              ,02 42 46.27,-00 04 00.1,2007-02-10 00:05:29,2007-02-10 22:00:14,701039010,41622.9, 2008-02-29,"     3.494 (40.6696,-0.0132865)"
SWIFTJ0249.1+2627,2MASX J02485937+2630  ,02 48 54.00,+26 34 14.5,2009-07-18 03:49:17,2009-07-19 09:02:25,704013010,42950.1, 2010-08-07,"  3.776 (42.2472632,26.5110089)"
SWIFTJ0250.7+4142,SWIFT J0250.7+4142    ,02 50 39.10,+41 40 28.9,2014-08-03 01:18:02,2014-08-04 21:09:21,709006010,82154.9, 2015-09-02,"   0.318 (42.668669,41.6716011)"
SWIFTJ0252.7-0822,MCG0208               ,02 52 23.11,-08 30 46.4,2009-07-04 02:22:08,2009-07-05 05:07:24,704045010,42911.5, 2010-07-18,"  0.172 (43.0975085,-8.5103004)"
SWIFTJ0255.2-0011,SWIFT J0255.2-0011    ,02 55 15.86,-00 14 22.9,2007-01-23 14:54:10,2007-01-26 05:30:25,701013010,101632.1, 2008-09-26,"    3.482 (43.8007801,-0.18372)"
SWIFTJ0255.2-0011,NGC 1142              ,02 55 07.85,-00 07 46.2,2007-07-21 10:48:56,2007-07-22 10:20:24,702079010,40569.7, 2008-08-28,"    3.429 (43.8007801,-0.18372)"
SWIFTJ0304.1-0108,NGC1194               ,03 03 48.53,-01 06 15.8,2009-08-01 16:35:17,2009-08-02 19:32:19,704046010,50316.1, 2010-08-19,"  0.150 (45.9545984,-1.1037141)"
SWIFTJ0312.9+4121,B3 0309+411           ,03 13 07.42,+41 19 56.6,2012-02-19 12:14:28,2012-02-22 00:59:07,706036010,104624.5, 2013-03-09,"  1.027 (48.2581728,41.3336849)"
SWIFTJ0318.7+6828,SWIFT J0318.7+6828    ,03 17 43.56,+68 32 22.2,2007-09-22 10:46:17,2007-09-24 03:00:14,702075010,77115.6, 2008-10-31,"  4.317 (49.5795565,68.4922102)"
SWIFTJ0319.7+4132,PERSEUS CLUSTER       ,03 19 46.46,+41 31 03.0,2006-08-29 18:55:07,2006-09-02 01:54:19,101012010,150905.1, 2006-04-01,"  0.470 (49.9506711,41.5117309)"
SWIFTJ0319.7+4132,PERSEUS_CLUSTER_Normal,03 19 49.56,+41 30 18.0,2008-02-07 02:09:42,2008-02-08 10:30:19,102012010,61742.6, 2007-04-01,"  0.481 (49.9506711,41.5117309)"
SWIFTJ0319.7+4132,PERSEUS 1/4 WIN       ,03 19 46.66,+41 30 57.6,2009-08-27 03:29:15,2009-08-28 12:00:14,104020010,55044.9, 2009-04-01,"  0.381 (49.9506711,41.5117309)"
SWIFTJ0319.7+4132,A426                  ,03 19 49.30,+41 30 14.0,2006-02-01 13:39:13,2006-02-02 12:42:25,800010010,50398.6, 2007-05-27,"  0.516 (49.9506711,41.5117309)"
SWIFTJ0319.7+4132,PERSEUS               ,03 19 49.10,+41 30 19.8,2009-02-11 17:31:00,2009-02-12 19:32:19,103004020,50006.6, 2008-04-01,"  0.413 (49.9506711,41.5117309)"
SWIFTJ0319.7+4132,PERSEUS               ,03 19 48.74,+41 30 05.8,2012-02-07 20:19:42,2012-02-08 22:00:23,106005020,46813.8, 2011-04-01,"  0.618 (49.9506711,41.5117309)"
SWIFTJ0319.7+4132,PERSEUS_CI_6          ,03 19 49.85,+41 30 00.4,2011-02-22 04:59:43,2011-02-23 04:30:14,105027010,45272.2, 2010-04-01,"  0.766 (49.9506711,41.5117309)"
SWIFTJ0319.7+4132,PERSEUS CLUSTER       ,03 19 49.01,+41 30 16.9,2007-02-05 15:57:48,2007-02-06 14:30:14,101012020,43871.4, 2006-04-01,"  0.451 (49.9506711,41.5117309)"
SWIFTJ0319.7+4132,PERSEUS CLUSTER       ,03 19 47.06,+41 31 04.4,2007-08-15 12:40:49,2007-08-16 11:27:22,102011010,42281.7, 2007-04-01,"  0.423 (49.9506711,41.5117309)"
SWIFTJ0319.7+4132,PERSEUS               ,03 19 46.66,+41 31 01.6,2009-08-26 04:00:28,2009-08-27 03:29:14,104018010,41279.8, 2009-04-01,"  0.428 (49.9506711,41.5117309)"
SWIFTJ0319.7+4132,PERSEUS               ,03 19 47.02,+41 31 04.1,2013-08-15 10:35:14,2013-08-16 08:32:24,108005010,41256.9, 2013-04-01,"  0.423 (49.9506711,41.5117309)"
SWIFTJ0319.7+4132,PERSEUS               ,03 19 46.75,+41 31 02.6,2012-08-20 23:30:51,2012-08-21 23:34:10,107005010,41131.5, 2012-04-01,"  0.430 (49.9506711,41.5117309)"
SWIFTJ0319.7+4132,PERSEUS               ,03 19 46.39,+41 31 33.6,2011-07-27 12:27:12,2011-07-28 13:07:23,106005010,40838.2, 2011-04-01,"  0.918 (49.9506711,41.5117309)"
SWIFTJ0319.7+4132,PERSEUS               ,03 19 47.23,+41 31 04.8,2008-08-13 14:28:17,2008-08-14 14:53:24,103004010,40568.5, 2008-04-01,"  0.414 (49.9506711,41.5117309)"
SWIFTJ0319.7+4132,PERSEUS               ,03 19 49.37,+41 30 10.1,2011-02-03 00:35:55,2011-02-03 22:59:18,105009020,40461.1, 2010-04-01,"  0.582 (49.9506711,41.5117309)"
SWIFTJ0319.7+4132,PERSEUS_CI_2          ,03 19 46.54,+41 31 30.4,2011-07-26 12:07:10,2011-07-27 12:26:19,106006010,40145.3, 2011-04-01,"  0.858 (49.9506711,41.5117309)"
SWIFTJ0319.7+4132,PERSEUS               ,03 19 48.29,+41 29 36.2,2010-02-01 08:03:24,2010-02-02 06:00:19,104019010,38615.1, 2009-04-01,"  1.100 (49.9506711,41.5117309)"
SWIFTJ0319.7+4132,PERSEUS               ,03 19 49.10,+41 30 18.7,2014-02-05 12:38:23,2014-02-06 09:10:07,108005020,37999.6, 2013-04-01,"  0.430 (49.9506711,41.5117309)"
SWIFTJ0319.7+4132,PERSEUS               ,03 19 49.49,+41 30 37.1,2013-02-11 04:59:55,2013-02-12 04:49:05,107005020,37690.1, 2012-04-01,"  0.263 (49.9506711,41.5117309)"
SWIFTJ0319.7+4132,PERSEUS               ,03 19 49.44,+41 30 19.4,2015-03-03 17:40:55,2015-03-04 14:02:20,109005020,37204.6, 2014-04-01,"  0.449 (49.9506711,41.5117309)"
SWIFTJ0319.7+4132,PERSEUS               ,03 19 45.74,+41 31 11.6,2010-08-09 09:10:56,2010-08-10 00:15:18,105009010,33624.2, 2010-04-01,"  0.667 (49.9506711,41.5117309)"
SWIFTJ0319.7+4132,PERSEUS_PSUM          ,03 19 49.54,+41 30 20.2,2015-03-05 02:44:21,2015-03-05 18:36:23,109007010,30680.2, 2014-04-01,"  0.449 (49.9506711,41.5117309)"
SWIFTJ0319.7+4132,PERSEUS (1/4WIN)      ,03 19 49.22,+41 30 20.5,2009-02-12 19:33:08,2009-02-13 10:33:19,103005020,28816.2, 2008-04-01,"  0.413 (49.9506711,41.5117309)"
SWIFTJ0319.7+4132,PERSEUS_1_4_WIN       ,03 19 45.67,+41 31 15.6,2010-08-10 00:15:19,2010-08-10 15:31:19,105010010,27372.7, 2010-04-01,"  0.726 (49.9506711,41.5117309)"
SWIFTJ0319.7+4132,PERSEUS_1_4_WIN       ,03 19 46.63,+41 31 04.1,2012-08-20 12:56:40,2012-08-20 23:30:22,107006010,23678.6, 2012-04-01,"  0.463 (49.9506711,41.5117309)"
SWIFTJ0319.7+4132,PERSEUS_1_4_WIN       ,03 19 49.34,+41 30 19.1,2015-03-04 14:02:21,2015-03-05 02:44:20,109006010,23649.2, 2014-04-01,"  0.445 (49.9506711,41.5117309)"
SWIFTJ0319.7+4132,PERSEUS_1_4_WIN_CI_2  ,03 19 46.25,+41 31 06.2,2011-08-22 18:10:42,2011-08-23 05:38:10,106008010,23202.3, 2011-04-01,"  0.537 (49.9506711,41.5117309)"
SWIFTJ0319.7+4132,PERSEUS_1_4_WIN       ,03 19 49.34,+41 30 18.7,2013-02-12 04:49:58,2013-02-12 16:30:06,107006020,22024.7, 2012-04-01,"  0.450 (49.9506711,41.5117309)"
SWIFTJ0319.7+4132,PERSEUS 1/4 WIN       ,03 19 48.14,+41 29 41.6,2010-02-02 06:01:08,2010-02-02 16:59:19,104021010,21641.5, 2009-04-01,"  1.010 (49.9506711,41.5117309)"
SWIFTJ0319.7+4132,PERSEUS_1_4_WIN       ,03 19 47.26,+41 31 03.4,2013-08-16 08:33:09,2013-08-16 19:25:23,108006010,21623.9, 2013-04-01,"  0.391 (49.9506711,41.5117309)"
SWIFTJ0319.7+4132,PERSEUS (1/4WIN)      ,03 19 47.40,+41 31 04.8,2008-08-14 14:53:25,2008-08-15 02:34:19,103005010,21478.0, 2008-04-01,"  0.402 (49.9506711,41.5117309)"
SWIFTJ0319.7+4132,PERSEUS_1_4_WIN       ,03 19 49.25,+41 30 13.3,2011-02-02 11:05:51,2011-02-03 00:35:18,105010020,21092.6, 2010-04-01,"  0.523 (49.9506711,41.5117309)"
SWIFTJ0319.7+4132,PERSEUS_1_4_WIN       ,03 19 46.51,+41 30 58.3,2011-08-23 05:38:11,2011-08-23 17:12:10,106007010,20971.3, 2011-04-01,"  0.409 (49.9506711,41.5117309)"
SWIFTJ0319.7+4132,PERSEUS_1_4_WIN       ,03 19 48.96,+41 30 05.4,2012-02-08 22:00:24,2012-02-09 10:00:10,106007020,20856.9, 2011-04-01,"  0.632 (49.9506711,41.5117309)"
SWIFTJ0319.7+4132,PERSEUS_1_4_WIN_CI_6  ,03 19 49.56,+41 30 05.0,2011-02-21 17:48:47,2011-02-22 04:59:14,105028010,20636.3, 2010-04-01,"  0.673 (49.9506711,41.5117309)"
SWIFTJ0319.7+4132,PERSEUS               ,03 19 46.42,+41 31 04.1,2014-08-27 16:08:56,2014-08-28 04:27:04,109005010,19977.3, 2014-04-01,"  0.489 (49.9506711,41.5117309)"
SWIFTJ0319.7+4132,PERSEUS_1_4_WIN       ,03 19 49.08,+41 30 18.0,2014-02-06 09:10:08,2014-02-06 18:55:13,108006020,18956.5, 2013-04-01,"  0.439 (49.9506711,41.5117309)"
SWIFTJ0324.8+3410,1H0323+342            ,03 24 41.90,+34 10 26.8,2013-03-01 14:49:00,2013-03-03 19:23:21,707015010,101272.0, 2014-03-23,"   0.353 (51.1714997,34.179396)"
SWIFTJ0324.8+3410,1H0323+342            ,03 24 36.17,+34 14 28.0,2009-07-26 03:51:03,2009-07-28 05:00:12,704034010,84088.4, 2010-08-11,"   3.843 (51.1714997,34.179396)"
SWIFTJ0328.4-2846,PKS 0326-288          ,03 28 37.22,-28 41 47.4,2010-01-30 21:20:07,2010-02-01 07:50:19,704039010,58023.7, 2011-02-24,"   0.211 (52.152142,-28.698871)"
SWIFTJ0333.6-3607,NGC 1365              ,03 33 35.42,-36 08 28.3,2010-07-15 21:29:45,2010-07-22 08:49:23,705031020,302175.3, 2010-04-01,"  0.208 (53.4016964,-36.140186)"
SWIFTJ0333.6-3607,NGC 1365              ,03 33 35.23,-36 08 04.9,2008-01-21 05:31:17,2008-01-25 00:00:18,702047010,160505.7, 2009-02-21,"  0.406 (53.4016964,-36.140186)"
SWIFTJ0333.6-3607,NGC 1365              ,03 33 33.82,-36 08 27.2,2010-06-27 00:40:55,2010-06-30 23:36:11,705031010,151613.4, 2010-04-01,"  0.525 (53.4016964,-36.140186)"
SWIFTJ0333.6-3607,NGC1365               ,03 33 37.15,-36 08 44.9,2012-07-08 20:16:14,2012-07-09 16:35:09,707017020,33585.8, 2013-08-04,"  0.369 (53.4016964,-36.140186)"
SWIFTJ0333.6-3607,NGC1365               ,03 33 36.91,-36 08 43.4,2012-07-29 08:16:06,2012-07-30 02:28:21,707017040,31360.3, 2013-08-24,"  0.329 (53.4016964,-36.140186)"
SWIFTJ0333.6-3607,NGC1365               ,03 33 37.25,-36 08 42.7,2012-06-29 03:39:45,2012-06-29 23:56:06,707017010,30694.9, 2013-07-18,"  0.345 (53.4016964,-36.140186)"
SWIFTJ0333.6-3607,NGC1365               ,03 33 37.73,-36 08 49.6,2012-07-17 09:18:11,2012-07-17 21:30:22,707017030,26767.2, 2013-10-17,"  0.493 (53.4016964,-36.140186)"
SWIFTJ0342.0-2115,ESO 548-G081          ,03 41 58.25,-21 11 41.6,2009-08-03 08:02:28,2009-08-04 04:40:14,704026010,39411.2, 2010-08-19,"   3.227 (55.5154676,-21.24431)"
SWIFTJ0350.1-5019,SWIFT J0350.1-5019    ,03 50 39.89,-50 17 59.3,2006-11-23 02:07:53,2006-11-23 13:33:14,701017020,19271.0, 2008-10-11,"  2.704 (57.5957829,-50.302613)"
SWIFTJ0350.1-5019,SWIFT J0350.1-5019    ,03 50 20.71,-50 21 06.5,2007-03-03 07:01:36,2007-03-03 12:05:19,701017030,8148.7, 2008-10-11,"  2.973 (57.5957829,-50.302613)"
SWIFTJ0350.1-5019,SWIFT J0350.1-5019    ,03 50 07.56,-50 20 01.3,2006-04-13 12:06:45,2006-04-13 16:12:19,701017010,2699.8, 2008-10-11,"  3.089 (57.5957829,-50.302613)"
SWIFTJ0407.4+0339,3C 105                ,04 07 21.58,+03 39 06.5,2008-02-05 12:52:17,2008-02-07 02:00:05,702074010,38319.0, 2009-02-21,"    3.559 (61.8186282,3.707181)"
SWIFTJ0418.3+3800,3C 111                ,04 18 17.78,+38 05 20.0,2008-08-22 09:56:26,2008-08-25 04:24:24,703034010,122378.0, 2009-09-10,"  3.801 (64.5886425,38.0266014)"
SWIFTJ0418.3+3800,3C111                 ,04 18 20.11,+38 02 11.0,2010-09-02 03:49:24,2010-09-03 21:35:18,705040010,80683.0, 2011-09-18,"  0.631 (64.5886425,38.0266014)"
SWIFTJ0418.3+3800,3C111                 ,04 18 20.11,+38 01 58.4,2010-09-14 23:02:22,2010-09-16 17:50:21,705040030,80365.9, 2011-10-01,"  0.442 (64.5886425,38.0266014)"
SWIFTJ0418.3+3800,3C111                 ,04 18 20.11,+38 02 02.8,2010-09-09 00:38:43,2010-09-10 18:12:18,705040020,79419.8, 2011-09-23,"  0.505 (64.5886425,38.0266014)"
SWIFTJ0420.0-5457,NGC 1566              ,04 20 00.91,-54 56 25.1,2012-05-19 01:36:44,2012-05-20 06:34:19,707002010,72791.0, 2013-05-30,"  0.160 (65.0016418,-54.937944)"
SWIFTJ0426.2-5711,1H0419-577            ,04 26 02.78,-57 12 39.6,2007-07-25 05:33:59,2007-07-28 02:00:19,702041010,205862.8, 2008-08-28,"  0.689 (66.5030053,-57.200506)"
SWIFTJ0426.2-5711,1H 0419-577           ,04 26 15.79,-57 14 03.5,2010-01-16 11:36:08,2010-01-18 19:44:19,704064010,122835.4, 2011-02-02,"  2.876 (66.5030053,-57.200506)"
SWIFTJ0433.0+0521,3C120                 ,04 33 11.62,+05 20 58.6,2012-02-09 10:09:43,2012-02-13 21:00:18,706042010,183001.5, 2011-04-01,"   0.312 (68.2962182,5.3543204)"
SWIFTJ0433.0+0521,3C120                 ,04 33 11.90,+05 21 04.0,2012-02-14 17:57:38,2012-02-17 21:10:04,706042020,118068.9, 2011-04-01,"   0.280 (68.2962182,5.3543204)"
SWIFTJ0433.0+0521,3C120                 ,04 33 11.62,+05 21 19.8,2006-02-09 03:39:55,2006-02-10 05:50:23,700001010,41932.1, 2007-05-27,"   0.148 (68.2962182,5.3543204)"
SWIFTJ0433.0+0521,3C120                 ,04 33 11.52,+05 21 20.2,2006-02-16 13:26:43,2006-02-17 14:06:17,700001020,41554.5, 2007-05-27,"   0.131 (68.2962182,5.3543204)"
SWIFTJ0433.0+0521,3C120                 ,04 33 11.83,+05 21 12.6,2006-02-23 11:02:13,2006-02-24 20:59:51,700001030,40907.3, 2007-05-27,"   0.191 (68.2962182,5.3543204)"
SWIFTJ0433.0+0521,3C120                 ,04 33 11.50,+05 21 14.8,2006-03-02 22:41:47,2006-03-03 20:39:19,700001040,40905.1, 2007-05-27,"   0.101 (68.2962182,5.3543204)"
SWIFTJ0443.9+2856,UGC 03142             ,04 43 47.26,+28 58 05.2,2013-02-12 16:36:59,2013-02-13 23:52:16,707032010,51284.7, 2014-03-05,"  0.250 (70.9450084,28.9719194)"
SWIFTJ0444.1+2813,SWIFT J0444.1+2813    ,04 44 06.96,+28 16 45.5,2008-09-10 17:13:03,2008-09-12 15:08:12,703021010,81298.6, 2009-11-13,"  3.773 (71.0375969,28.2168791)"
SWIFTJ0452.2+4933,LEDA 168563           ,04 52 03.79,+49 33 02.2,2013-09-01 21:03:24,2013-09-04 01:25:21,708017010,100011.0, 2013-04-01,"   0.329 (73.019859,49.5457929)"
SWIFTJ0453.4+0404,IRAS 04507+0358       ,04 53 27.24,+04 07 23.9,2009-09-01 00:32:53,2009-09-04 03:15:20,704058010,109052.4, 2010-10-07,"   3.719 (73.3572496,4.0616296)"
SWIFTJ0505.8-2351,SWIFT J0505.7-2348    ,05 05 42.84,-23 54 19.8,2006-04-01 22:12:36,2006-04-04 02:55:14,701014010,78554.4, 2007-12-05,"  3.165 (76.4405341,-23.853913)"
SWIFTJ0510.7+1629,IRAS 05078+1626       ,05 10 45.86,+16 29 31.9,2013-02-28 15:07:27,2013-03-01 14:40:15,707029010,46016.7, 2014-04-02,"  0.444 (77.6897199,16.4994853)"
SWIFTJ0516.2-0009,ARK 120               ,05 16 10.54,-00 12 23.0,2007-04-01 18:07:26,2007-04-03 21:43:25,702014010,100863.5, 2008-10-05,"  3.405 (79.0475231,-0.1497602)"
SWIFTJ0516.4-1034,MCG-02-14-009         ,05 16 15.77,-10 30 38.2,2008-08-28 22:35:03,2008-09-01 00:44:24,703060010,142152.2, 2009-09-26,"  3.335 (79.0883956,-10.561507)"
SWIFTJ0501.9-3239,SWIFT J0501.9-3239    ,05 19 29.83,-32 42 14.8,2008-04-11 15:48:08,2008-04-12 21:05:30,703014010,41298.5, 2009-05-02,"  3.053 (79.8992349,-32.657752)"
SWIFTJ0521.0-2522,F05189-2524           ,05 20 57.19,-25 24 42.1,2006-04-10 16:16:56,2006-04-12 15:31:21,701097010,78155.5, 2007-10-28,"  3.097 (80.2558208,-25.362564)"
SWIFTJ0530.8+1333,PKS 0528+134          ,05 30 55.37,+13 35 25.8,2008-09-27 02:38:12,2008-10-02 16:12:24,703048010,203457.4, 2009-11-13,"   3.518 (82.7350444,13.532022)"
SWIFTJ0530.8+1333,0528+134              ,05 30 55.75,+13 32 27.6,2011-09-28 16:19:32,2011-09-29 00:17:12,706043010,14789.2, 2012-10-25,"   0.562 (82.7350444,13.532022)"
SWIFTJ0544.4-4328,SWIFT J0544.4-4328    ,05 44 02.38,-43 25 08.4,2015-04-28 22:12:18,2015-05-01 08:37:16,709005010,84362.0, 2016-05-19,"  0.518 (86.0003568,-43.424133)"
SWIFTJ0550.7-3212A,PKS 0548-322          ,05 50 40.97,-32 16 26.0,2012-04-06 14:39:12,2012-04-09 09:20:22,707040010,102656.7, 2013-05-03,"  0.183 (87.6690369,-32.271198)"
SWIFTJ0552.2-0727,NGC 2110              ,05 52 10.97,-07 27 31.0,2012-08-31 02:31:38,2012-09-02 12:59:22,707034010,103259.5, 2014-01-10,"   0.174 (88.0474074,-7.456243)"
SWIFTJ0552.2-0727,NGC 2110              ,05 52 10.66,-07 27 28.8,2005-09-16 09:06:40,2005-09-18 19:56:24,100024010,101748.7, 2007-05-27,"   0.208 (88.0474074,-7.456243)"
SWIFTJ0552.2-0727,NGC2110               ,05 52 11.74,-07 27 11.9,2015-03-20 19:10:09,2015-03-22 07:18:23,709011010,45625.7, 2016-06-19,"   0.198 (88.0474074,-7.456243)"
SWIFTJ0554.8+4625,MCG+8-11-11           ,05 54 53.59,+46 30 14.0,2007-09-17 01:46:02,2007-09-19 06:20:14,702112010,98748.1, 2008-10-12,"  3.871 (88.7233595,46.4393815)"
SWIFTJ0559.8-5028,PKS 0558-504          ,05 59 44.02,-50 26 24.7,2007-01-19 18:23:18,2007-01-20 07:41:14,701011030,21256.3, 2008-09-26,"  0.704 (89.9474604,-50.447783)"
SWIFTJ0559.8-5028,PKS 0558-504          ,05 59 44.11,-50 26 30.1,2007-01-17 11:14:49,2007-01-18 02:42:24,701011010,20620.7, 2008-09-26,"  0.637 (89.9474604,-50.447783)"
SWIFTJ0559.8-5028,PKS 0558-504          ,05 59 43.78,-50 26 24.4,2007-01-20 20:09:44,2007-01-21 07:52:19,701011040,19738.1, 2008-09-26,"  0.737 (89.9474604,-50.447783)"
SWIFTJ0559.8-5028,PKS 0558-504          ,05 59 44.04,-50 26 22.2,2007-01-21 21:49:08,2007-01-22 08:28:19,701011050,19515.4, 2008-09-26,"  0.729 (89.9474604,-50.447783)"
SWIFTJ0559.8-5028,PKS 0558-504          ,05 59 44.11,-50 26 27.2,2007-01-18 16:47:43,2007-01-19 06:22:19,701011020,18875.3, 2008-09-26,"  0.666 (89.9474604,-50.447783)"
SWIFTJ0601.9-8636,SWIFT J0601.9-8636    ,06 04 36.55,-86 40 40.4,2006-04-13 16:24:08,2006-04-14 01:52:19,701018010,19765.7, 2007-10-24,"  2.933 (91.4218863,-86.631625)"
SWIFTJ0615.8+7101,MKN 3                 ,06 15 32.14,+71 02 51.7,2005-10-22 02:02:09,2005-10-24 06:26:14,100040010,95026.5, 2007-05-27,"   0.702 (93.901482,71.0374823)"
SWIFTJ0615.8+7101,MARKARIAN 3           ,06 15 34.10,+71 03 00.4,2014-10-01 22:08:01,2014-10-02 10:02:09,709022010,23831.0, 2015-11-19,"   0.779 (93.901482,71.0374823)"
SWIFTJ0615.8+7101,MARKARIAN 3           ,06 15 40.49,+71 01 48.4,2015-03-23 05:48:56,2015-03-23 15:02:23,709022040,23518.0, 2016-04-08,"   0.556 (93.901482,71.0374823)"
SWIFTJ0615.8+7101,MARKARIAN 3           ,06 15 31.49,+71 02 58.6,2014-10-23 03:37:31,2014-10-23 16:09:23,709022030,22746.1, 2015-12-20,"   0.828 (93.901482,71.0374823)"
SWIFTJ0615.8+7101,MARKARIAN 3           ,06 15 38.23,+71 01 30.0,2015-04-04 11:21:15,2015-04-04 23:42:19,709022050,21455.6, 2016-06-11,"   0.764 (93.901482,71.0374823)"
SWIFTJ0615.8+7101,MARKARIAN 3           ,06 15 33.77,+71 02 44.5,2014-10-07 19:20:38,2014-10-08 01:48:17,709022020,17727.7, 2015-12-02,"   0.536 (93.901482,71.0374823)"
SWIFTJ0651.9+7426,MKN 6                 ,06 52 16.44,+74 24 46.8,2015-04-21 14:07:12,2015-04-22 16:50:10,710001010,50654.1, 2016-06-09,"  0.884 (103.051357,74.4269881)"
SWIFTJ0709.4-3559,SWIFT J0709.4-3559    ,07 09 14.62,-36 01 21.4,2011-04-02 02:16:10,2011-04-04 01:32:13,706008010,81173.9, 2012-04-20,"   0.104 (107.308761,-36.02276)"
SWIFTJ0714.2+3518,SWIFT J0714.2+3518    ,07 14 04.03,+35 16 45.1,2015-04-04 23:51:20,2015-04-06 21:42:17,709007010,79247.1, 2016-06-26,"   0.038 (108.516037,35.279275)"
SWIFTJ0742.5+4948,MARKARIAN 79          ,07 42 32.57,+49 48 05.4,2007-04-03 21:55:26,2007-04-05 18:22:23,702044010,83703.8, 2008-08-17,"  0.493 (115.636733,49.8096907)"
SWIFTJ0746.3+2548,SWIFT J0746.3+2548    ,07 46 27.41,+25 52 45.1,2005-11-04 08:35:29,2005-11-06 14:04:15,700011010,99428.4, 2007-05-27,"  3.729 (116.607792,25.8173101)"
SWIFTJ0753.1+4559,FG03                  ,07 52 43.68,+45 57 25.9,2012-10-28 18:39:14,2012-10-29 02:35:21,807052010,14318.5, 2014-02-08,"  0.483 (118.184184,45.9493009)"
SWIFTJ0804.2+0507,PHOENIX GALAXY        ,08 03 58.10,+05 03 51.8,2007-05-02 07:54:40,2007-05-03 23:00:15,702111010,58867.7, 2008-10-05,"   3.539 (121.024381,5.1138525)"
SWIFTJ0839.6-1213,PBC J0839.7-1214      ,08 39 45.41,-12 18 10.4,2010-05-08 16:32:34,2010-05-10 11:45:10,705007010,80564.3, 2011-05-26,"  3.818 (129.960768,-12.242866)"
SWIFTJ0841.4+7052,0836+714              ,08 41 04.08,+70 49 44.4,2006-03-15 18:11:15,2006-03-16 14:00:24,700010010,55626.1, 2007-05-27,"  4.298 (130.351496,70.8950594)"
SWIFTJ0841.4+7052,0836+710              ,08 41 25.97,+70 54 32.8,2012-10-13 14:28:26,2012-10-13 19:44:13,707042010,10613.0, 2013-11-02,"  0.853 (130.351496,70.8950594)"
SWIFTJ0856.0+7812,NGC 2655              ,08 55 36.91,+78 12 33.8,2014-05-12 10:16:35,2014-05-14 01:45:22,709003010,76837.1, 2015-05-31,"  0.836 (133.908303,78.2233042)"
SWIFTJ0902.0+6007,MRK 18                ,09 02 02.21,+60 04 13.1,2010-05-14 12:03:43,2010-05-15 09:03:11,705001010,37966.7, 2011-07-27,"  4.909 (135.493352,60.1517402)"
SWIFTJ0902.7-6816,NGC 2788A             ,09 02 42.10,-68 13 05.2,2015-05-15 01:08:57,2015-05-16 05:21:10,710007010,42233.9, 2016-07-22,"  0.576 (135.664435,-68.226803)"
SWIFTJ0902.7-4814,IGR J09026-4812       ,09 02 35.23,-48 13 56.3,2013-11-26 07:41:17,2013-11-26 22:51:10,708031010,37792.4, 2013-04-01,"  0.511 (135.655479,-48.226054)"
SWIFTJ0904.3+5538,SWIFT J0904.3+5538    ,09 04 28.08,+55 34 29.6,2009-04-28 02:12:31,2009-04-28 16:48:14,704027010,41943.8, 2010-05-27,"  1.994 (136.153986,55.6007443)"
SWIFTJ0911.2+4533,SWIFT J0911.2+4533    ,09 11 37.49,+45 31 49.8,2008-10-25 04:27:32,2008-10-27 05:03:14,703008010,93879.0, 2009-11-13,"   3.956 (137.87502,45.4682938)"
SWIFTJ0923.7+2255,MCG +04-22-042        ,09 23 47.06,+22 58 09.5,2009-11-22 07:56:32,2009-11-23 06:19:19,704028010,40962.0, 2010-12-12,"  3.734 (140.929146,22.9090576)"
SWIFTJ0925.0+5218,MRK 110               ,09 25 21.19,+52 20 58.9,2007-11-02 08:15:48,2007-11-04 07:35:24,702124010,90871.2, 2008-11-16,"  4.017 (141.303546,52.2862175)"
SWIFTJ0934.7-2156,ESO 565-G019          ,09 34 43.25,-21 56 04.6,2012-05-20 20:54:08,2012-05-22 21:39:12,707013010,78923.9, 2013-06-05,"  0.415 (143.681469,-21.927785)"
SWIFTJ0935.9+6120,UGC5101               ,09 35 21.84,+61 19 06.6,2006-03-31 04:18:56,2006-04-01 08:25:24,701002010,48990.2, 2008-09-26,"   4.133 (143.964992,61.353256)"
SWIFTJ0935.9+6120,UGC5101               ,09 36 04.54,+61 25 04.1,2006-10-31 18:19:29,2006-11-01 09:30:22,701002020,42166.0, 2008-09-26,"   4.171 (143.964992,61.353256)"
SWIFTJ0945.6-1420,NGC 2992              ,09 45 50.21,-14 16 55.6,2005-12-13 10:15:40,2005-12-14 12:09:14,700005030,46836.1, 2007-05-27,"  3.323 (146.424767,-14.326305)"
SWIFTJ0945.6-1420,NGC 2992              ,09 45 44.45,-14 16 17.0,2005-11-06 14:17:44,2005-11-07 14:02:32,700005010,37502.9, 2007-05-27,"  3.350 (146.424767,-14.326305)"
SWIFTJ0945.6-1420,NGC 2992              ,09 45 40.97,-14 16 10.6,2005-11-19 21:04:33,2005-11-20 23:25:24,700005020,37493.5, 2007-05-27,"  3.411 (146.424767,-14.326305)"
SWIFTJ0947.6-3057,MCG-5-23-16           ,09 47 41.57,-30 56 42.0,2013-06-01 22:06:42,2013-06-05 05:55:18,708021010,159526.2, 2013-04-01,"  0.387 (146.917204,-30.948887)"
SWIFTJ0947.6-3057,MCG-5-23-16           ,09 47 41.47,-30 56 41.3,2013-06-05 05:55:19,2013-06-07 23:00:11,708021020,138846.6, 2013-04-01,"  0.378 (146.917204,-30.948887)"
SWIFTJ0947.6-3057,MCG -5-23-16          ,09 47 46.68,-30 54 08.3,2005-12-07 22:51:48,2005-12-10 11:51:19,700002010,95677.4, 2007-05-27,"  3.128 (146.917204,-30.948887)"
SWIFTJ0947.7+0726,3C 227                ,09 47 44.76,+07 25 28.2,2012-11-06 01:54:26,2012-11-08 00:40:15,707004010,82532.5, 2013-12-05,"    0.158 (146.938095,7.422391)"
SWIFTJ0950.5+7318,4C73.08               ,09 49 45.94,+73 15 07.6,2008-11-16 22:10:24,2008-11-18 11:52:19,703018010,81375.2, 2009-11-29,"  0.743 (147.441449,73.2397227)"
SWIFTJ0955.5+6907,M81                   ,09 55 25.42,+68 59 42.4,2006-05-08 00:07:30,2006-05-09 12:30:14,701022010,103518.6, 2007-10-24,"  4.265 (148.888451,69.0652157)"
SWIFTJ0955.5+6907,M81                   ,09 55 31.90,+69 03 11.9,2015-05-18 11:19:51,2015-05-20 23:32:17,710017010,97702.2, 2016-06-04,"  0.725 (148.888451,69.0652157)"
SWIFTJ0955.5+6907,M81                   ,09 55 40.06,+69 04 27.5,2011-09-15 11:07:59,2011-09-16 10:54:17,906004010,45675.9, 2011-04-01,"  0.818 (148.888451,69.0652157)"
SWIFTJ0959.5-2248,SWIFT J0959.5-2258    ,09 59 22.32,-22 52 17.8,2008-06-18 21:49:07,2008-06-19 19:33:24,703013010,43663.4, 2009-07-04,"  3.186 (149.873097,-22.826311)"
SWIFTJ1001.7+5543,NGC 3079              ,10 01 59.33,+55 36 41.8,2008-05-26 20:54:12,2008-05-29 10:28:14,803039020,102340.0, 2009-06-17,"  4.100 (150.490793,55.6798305)"
SWIFTJ1001.7+5543,NGC 3079              ,10 01 46.56,+55 36 58.7,2008-05-04 17:50:16,2008-05-05 02:45:17,803039010,14408.3, 2009-06-17,"  4.128 (150.490793,55.6798305)"
SWIFTJ1009.3-4250,ESO 263-G013          ,10 09 42.14,-42 51 37.1,2007-06-01 10:57:50,2007-06-02 14:16:14,702120010,45294.7, 2008-10-06,"   3.146 (152.45081,-42.811238)"
SWIFTJ1023.5+1952,NGC3227               ,10 23 30.53,+19 52 06.2,2008-11-27 21:29:20,2008-11-29 18:00:14,703022050,79429.8, 2008-04-01,"  0.199 (155.877395,19.8650946)"
SWIFTJ1023.5+1952,NGC3227               ,10 23 30.43,+19 52 07.7,2008-11-20 17:00:00,2008-11-22 08:59:19,703022040,64567.9, 2008-04-01,"  0.225 (155.877395,19.8650946)"
SWIFTJ1023.5+1952,NGC3227               ,10 23 30.38,+19 52 08.0,2008-10-28 08:12:52,2008-10-29 20:22:14,703022010,58917.2, 2008-04-01,"  0.233 (155.877395,19.8650946)"
SWIFTJ1023.5+1952,NGC3227               ,10 23 30.43,+19 52 08.0,2008-11-12 02:48:55,2008-11-13 17:30:19,703022030,56571.5, 2008-04-01,"  0.231 (155.877395,19.8650946)"
SWIFTJ1023.5+1952,NGC3227               ,10 23 30.53,+19 52 07.7,2008-11-04 03:36:31,2008-11-05 16:16:24,703022020,53699.5, 2008-04-01,"  0.223 (155.877395,19.8650946)"
SWIFTJ1023.5+1952,NGC3227               ,10 23 30.43,+19 52 07.3,2008-12-02 14:28:03,2008-12-03 17:21:19,703022060,51410.5, 2008-04-01,"  0.219 (155.877395,19.8650946)"
SWIFTJ1031.7-3451,NGC 3281              ,10 31 50.18,-34 54 26.6,2008-05-21 20:25:13,2008-05-23 05:29:25,703033010,46234.0, 2009-06-06,"  3.246 (157.967011,-34.853686)"
SWIFTJ1048.4-2511,NGC3393               ,10 48 18.00,-25 12 50.0,2007-05-23 18:47:11,2007-05-25 04:30:09,702004010,55227.0, 2008-10-06,"  3.348 (162.097766,-25.162043)"
SWIFTJ1049.4+2258,MRK 417               ,10 49 27.82,+22 54 05.8,2007-05-18 15:49:27,2007-05-19 13:45:12,702078010,41506.6, 2008-08-17,"   3.844 (162.37886,22.9645525)"
SWIFTJ1051.2-1704A,NGC 3431              ,10 51 14.74,-17 00 54.0,2012-06-11 13:35:08,2012-06-13 13:22:17,707012010,65675.6, 2013-06-30,"  0.422 (162.812665,-17.008078)"
SWIFTJ1051.2-1704B,NGC 3431              ,10 51 14.74,-17 00 54.0,2012-06-11 13:35:08,2012-06-13 13:22:17,707012010,65675.6, 2013-06-30,"    8.535 (162.9061,-17.124721)"
SWIFTJ1103.5-2329,1ES 1101-232          ,11 03 35.42,-23 32 49.6,2006-05-25 16:27:47,2006-05-27 05:11:19,701071010,62432.7, 2007-10-28,"  3.345 (165.906738,-23.491975)"
SWIFTJ1104.4+3812,MRK 421               ,11 04 25.94,+38 12 07.6,2008-05-05 02:52:18,2008-05-09 08:24:19,703043010,180785.1, 2009-05-21,"  0.485 (166.113785,38.2088302)"
SWIFTJ1104.4+3812,MRK421                ,11 04 34.03,+38 16 16.0,2008-12-03 17:28:04,2008-12-05 22:45:10,703020010,101307.5, 2009-12-23,"  3.963 (166.113785,38.2088302)"
SWIFTJ1104.4+3812,MRK421                ,11 04 12.50,+38 09 51.8,2006-04-28 06:46:17,2006-04-29 06:30:25,701024010,41470.9, 2007-10-21,"  3.946 (166.113785,38.2088302)"
SWIFTJ1106.5+7234,NGC3516               ,11 07 27.74,+72 37 16.7,2009-10-28 05:35:15,2009-11-02 12:39:14,704062010,251355.5, 2009-04-01,"4.365 (166.6977485,72.56866377)"
SWIFTJ1106.5+7234,NGC3516               ,11 06 55.18,+72 34 40.4,2005-10-12 13:57:09,2005-10-15 09:07:24,100031010,134469.6, 2007-05-27,"0.801 (166.6977485,72.56866377)"
SWIFTJ1106.5+7234,NGC 3516              ,11 06 43.61,+72 33 28.4,2015-05-12 08:01:41,2015-05-15 00:50:12,710009010,117701.2, 2016-07-24,"0.707 (166.6977485,72.56866377)"
SWIFTJ1106.5+7234,NGC 3516              ,11 06 45.89,+72 33 12.2,2013-05-29 11:02:50,2013-05-30 15:15:14,708006040,54218.0, 2013-04-01,"0.923 (166.6977485,72.56866377)"
SWIFTJ1106.5+7234,NGC 3516              ,11 06 40.66,+72 33 31.7,2014-04-07 16:54:26,2014-04-08 12:00:24,708006080,51539.0, 2013-04-01,"0.781 (166.6977485,72.56866377)"
SWIFTJ1106.5+7234,NGC 3516              ,11 06 46.97,+72 33 15.5,2013-05-23 03:32:08,2013-05-24 07:05:07,708006070,51475.2, 2013-04-01,"0.863 (166.6977485,72.56866377)"
SWIFTJ1106.5+7234,NGC 3516              ,11 06 37.34,+72 33 39.6,2013-04-09 23:13:20,2013-04-11 01:06:16,708006010,51386.0, 2013-04-01,"0.886 (166.6977485,72.56866377)"
SWIFTJ1106.5+7234,NGC 3516              ,11 06 42.34,+72 33 26.6,2013-05-12 00:22:24,2013-05-13 02:30:23,708006030,50428.3, 2013-04-01,"0.777 (166.6977485,72.56866377)"
SWIFTJ1106.5+7234,NGC 3516              ,11 06 53.74,+72 35 02.0,2013-11-04 06:15:13,2013-11-05 05:10:17,708006060,46200.0, 2013-04-01,"1.028 (166.6977485,72.56866377)"
SWIFTJ1106.5+7234,NGC 3516              ,11 06 40.42,+72 33 23.8,2013-04-27 00:17:13,2013-04-27 10:42:22,708006020,19103.0, 2013-04-01,"0.896 (166.6977485,72.56866377)"
SWIFTJ1106.5+7234,NGC 3516              ,11 06 57.60,+72 34 38.3,2013-10-07 04:29:56,2013-10-08 23:28:20,708006050,0.0, 2013-04-01,"0.919 (166.6977485,72.56866377)"
SWIFTJ1130.1-1447,PKS1127-145           ,11 30 06.58,-14 49 28.2,2008-11-29 18:10:15,2008-11-30 22:51:24,703004010,55545.1, 2008-04-01,"  0.116 (172.529381,-14.824266)"
SWIFTJ1132.7+5301,NGC 3718              ,11 32 56.18,+53 06 42.5,2009-10-24 20:23:41,2009-10-26 06:08:19,704048010,59888.2, 2010-11-07,"  4.143 (173.145267,53.0679714)"
SWIFTJ1139.0-3743,NGC3783               ,11 38 52.82,-37 47 04.6,2009-07-10 21:50:25,2009-07-15 00:02:19,704063010,209503.4, 2009-04-01,"  3.271 (174.757133,-37.738611)"
SWIFTJ1139.0-3743,NGC 3783              ,11 39 02.66,-37 44 11.0,2006-06-24 18:32:36,2006-06-26 20:34:17,701033010,75719.3, 2007-10-28,"  0.230 (174.757133,-37.738611)"
SWIFTJ1143.7+7942,UGC 6728              ,11 44 52.73,+79 36 38.2,2009-06-06 13:33:08,2009-06-07 12:18:08,704029010,49003.9, 2010-06-17,"  4.380 (176.316418,79.6815021)"
SWIFTJ1153.6+4931,1150+497              ,11 53 26.98,+49 31 54.5,2010-11-12 17:07:42,2010-11-14 02:30:10,705003010,105655.8, 2011-11-27,"  0.861 (178.351968,49.5191402)"
SWIFTJ1157.8+5529,NGC 3998              ,11 57 52.75,+55 26 39.5,2014-05-03 21:06:51,2014-05-05 14:19:14,709002010,80675.4, 2015-05-17,"  0.736 (179.483894,55.4536137)"
SWIFTJ1200.8+0650,SWIFT J1200.8+0650    ,12 00 52.44,+06 44 55.7,2008-05-31 21:39:59,2008-06-02 22:16:24,703009010,84486.6, 2009-06-21,"   3.716 (180.241436,6.8064024)"
SWIFTJ1203.0+4433,NGC 4051              ,12 03 11.62,+44 32 21.8,2008-11-06 07:39:03,2008-11-12 02:40:14,703023010,274530.5, 2008-04-01,"   0.603 (180.79003,44.5313083)"
SWIFTJ1203.0+4433,NGC 4051              ,12 03 25.34,+44 34 50.5,2005-11-10 19:14:14,2005-11-13 10:21:24,700004010,119578.0, 2007-05-27,"   4.079 (180.79003,44.5313083)"
SWIFTJ1203.0+4433,NGC 4051              ,12 03 10.85,+44 32 21.5,2008-11-23 16:48:00,2008-11-25 13:43:43,703023020,78385.5, 2008-04-01,"   0.528 (180.79003,44.5313083)"
SWIFTJ1204.5+2019,ARK 347               ,12 04 22.85,+20 14 51.4,2010-06-30 23:54:36,2010-07-01 20:48:13,705002010,38972.6, 2011-07-30,"  4.422 (181.123622,20.3163092)"
SWIFTJ1206.2+5243,NGC4102               ,12 06 07.73,+52 39 12.2,2009-05-30 01:37:38,2009-06-01 10:05:14,704057010,105557.9, 2010-06-16,"  4.165 (181.596033,52.7110309)"
SWIFTJ1209.4+4340,NGC 4138              ,12 09 46.42,+43 44 04.2,2009-11-02 12:47:43,2009-11-03 21:14:18,704047010,60771.6, 2010-11-17,"   4.210 (182.37417,43.6853081)"
SWIFTJ1210.5+3924,NGC 4151              ,12 10 34.08,+39 24 47.5,2012-11-11 20:13:42,2012-11-14 23:02:20,707024010,150266.9, 2014-02-14,"  0.529 (182.635714,39.4058493)"
SWIFTJ1210.5+3924,NGC 4151              ,12 10 33.00,+39 24 50.0,2006-12-18 20:05:09,2006-12-21 09:14:13,701034010,124979.6, 2008-08-24,"  0.490 (182.635714,39.4058493)"
SWIFTJ1210.5+3924,NGC 4151              ,12 10 34.63,+39 24 55.4,2011-11-17 15:15:47,2011-11-18 23:30:12,906006010,61664.6, 2011-04-01,"  0.698 (182.635714,39.4058493)"
SWIFTJ1210.5+3924,NGC 4151              ,12 10 34.13,+39 25 31.4,2011-12-18 15:02:08,2011-12-20 01:07:21,906006020,60596.5, 2011-04-01,"  1.211 (182.635714,39.4058493)"
SWIFTJ1218.5+2952,MRK 766               ,12 18 27.70,+29 49 06.2,2006-11-16 00:34:54,2006-11-18 08:44:01,701035010,97869.3, 2008-11-30,"    0.416 (184.610475,29.81294)"
SWIFTJ1218.5+2952,MRK 766               ,12 18 27.53,+29 49 10.9,2007-11-17 21:26:20,2007-11-19 05:40:19,701035020,59363.5, 2008-11-30,"    0.461 (184.610475,29.81294)"
SWIFTJ1219.4+4720,NGC 4258              ,12 19 00.43,+47 18 55.1,2010-11-11 03:50:36,2010-11-12 17:04:13,705051010,103833.2, 2011-12-08,"  0.840 (184.739585,47.3040128)"
SWIFTJ1219.4+4720,M106                  ,12 18 50.81,+47 14 15.4,2006-06-10 12:59:29,2006-06-12 17:04:20,701095010,99817.5, 2007-10-28,"  4.143 (184.739585,47.3040128)"
SWIFTJ1221.3+3012,1ES1218+304           ,12 21 13.54,+30 07 00.8,2006-05-19 19:12:55,2006-05-21 16:57:14,701025010,79869.2, 2007-10-25,"  4.037 (185.341432,30.1769831)"
SWIFTJ1222.4+7520,MRK 205               ,12 20 59.02,+75 14 54.6,2010-05-22 18:21:23,2010-05-24 19:41:15,705062010,100960.5, 2011-06-11,"  4.701 (185.433717,75.3106378)"
SWIFTJ1224.9+2122,QSO 1222+216          ,12 24 54.96,+21 23 19.3,2014-11-27 21:36:27,2014-11-28 07:05:16,709025010,13400.2, 2015-12-12,"  0.560 (186.226924,21.3795662)"
SWIFTJ1224.9+2122,QSO 1222+216          ,12 24 54.94,+21 23 15.7,2014-11-28 07:05:17,2014-11-28 09:45:18,709025020,527.2, 2015-12-12,"  0.500 (186.226924,21.3795662)"
SWIFTJ1225.8+1240,NGC4388               ,12 25 47.06,+12 40 02.6,2005-12-24 09:04:19,2005-12-27 06:00:14,800017010,123634.1, 2007-05-27,"  0.322 (186.444914,12.6621556)"
SWIFTJ1202.5+3332,NGC 4395              ,12 25 38.66,+33 29 18.2,2007-06-02 14:30:03,2007-06-05 07:09:24,702001010,101507.5, 2008-10-06,"   4.105 (186.453655,33.546906)"
SWIFTJ1229.1+0202,3C 273                ,12 29 01.42,+01 59 46.0,2007-06-30 00:03:15,2007-07-01 06:23:14,702070010,54892.7, 2008-08-17,"    3.626 (187.277907,2.052393)"
SWIFTJ1229.1+0202,3C273                 ,12 29 07.39,+02 02 58.2,2012-07-16 08:08:54,2012-07-17 09:00:18,107013010,39755.3, 2012-04-01,"    0.245 (187.277907,2.052393)"
SWIFTJ1235.6-3954,NGC 4507              ,12 35 35.69,-39 54 42.8,2007-12-20 12:20:59,2007-12-22 14:00:19,702048010,103626.0, 2008-12-29,"  0.238 (188.902645,-39.909347)"
SWIFTJ1238.9-2720,ESO 506-G027          ,12 38 46.63,-27 21 30.2,2007-08-02 01:06:17,2007-08-03 06:10:24,702080010,41745.3, 2008-09-01,"  3.514 (189.727488,-27.307803)"
SWIFTJ1239.3-1611,IGR J12391-1612       ,12 39 13.68,-16 07 45.1,2008-12-18 21:43:23,2008-12-22 06:59:08,703007010,130274.0, 2010-01-10,"  3.516 (189.776186,-16.179785)"
SWIFTJ1239.6-0519,NGC 4593              ,12 39 39.17,-05 20 27.6,2014-12-30 18:20:17,2015-01-03 07:59:56,709014050,145281.9, 2016-01-28,"  0.202 (189.914336,-5.3441634)"
SWIFTJ1239.6-0519,NGC 4593              ,12 39 39.19,-05 20 28.3,2014-12-26 15:53:55,2014-12-30 18:20:16,709014040,130358.4, 2016-01-28,"  0.188 (189.914336,-5.3441634)"
SWIFTJ1239.6-0519,NGC 4593              ,12 39 39.14,-05 20 33.4,2007-12-15 04:42:35,2007-12-17 23:20:11,702040010,118841.5, 2008-12-29,"  0.119 (189.914336,-5.3441634)"
SWIFTJ1239.6-0519,NGC 4593              ,12 39 39.55,-05 20 47.0,2014-06-22 08:07:07,2014-06-23 02:22:22,709014020,30961.0, 2015-07-09,"  0.137 (189.914336,-5.3441634)"
SWIFTJ1239.6-0519,NGC 4593              ,12 39 39.14,-05 20 32.3,2014-12-15 15:08:33,2014-12-16 07:15:21,709014030,30531.2, 2015-12-27,"  0.134 (189.914336,-5.3441634)"
SWIFTJ1239.6-0519,NGC 4593              ,12 39 39.60,-05 20 53.5,2014-06-16 02:29:54,2014-06-16 20:33:12,709014010,29761.6, 2015-07-01,"  0.245 (189.914336,-5.3441634)"
SWIFTJ1246.6+5435,NGC 4686              ,12 46 12.19,+54 30 43.6,2009-04-25 16:48:24,2009-04-26 18:09:19,704015010,44845.9, 2010-05-23,"   4.233 (191.666206,54.534287)"
SWIFTJ1253.5-4137,ESO 323-G032          ,12 53 23.98,-41 34 59.5,2007-12-22 14:03:20,2007-12-24 03:30:14,702119010,79249.4, 2009-01-23,"  3.218 (193.334613,-41.635597)"
SWIFTJ1256.2-0551,3C279                 ,12 56 16.44,-05 44 01.7,2009-01-19 23:30:36,2009-01-22 22:32:20,703049010,134110.6, 2010-05-12,"  3.583 (194.046484,-5.7893621)"
SWIFTJ1256.2-0551,3C279                 ,12 56 16.78,-05 43 58.1,2009-01-23 21:03:12,2009-01-25 03:00:14,703049020,56937.0, 2010-05-12,"  3.670 (194.046484,-5.7893621)"
SWIFTJ1303.8+5345,SBS 1301+540          ,13 04 03.67,+53 48 22.7,2014-11-30 23:57:07,2014-12-03 12:20:22,709018010,94317.6, 2016-03-04,"  1.075 (195.997893,53.7916333)"
SWIFTJ1304.3-0532,NGC 4941              ,13 04 12.67,-05 33 34.2,2012-06-22 11:16:12,2012-06-24 05:52:19,707001010,80859.3, 2013-07-07,"  0.486 (196.054571,-5.5515957)"
SWIFTJ1305.4-4928,NGC 4945              ,13 05 28.34,-49 24 54.7,2006-01-15 08:04:39,2006-01-17 23:10:20,100008030,95066.3, 2007-05-27,"  3.174 (196.364385,-49.468039)"
SWIFTJ1305.4-4928,NGC 4945              ,13 05 27.26,-49 27 57.2,2011-01-29 02:05:50,2011-01-30 02:50:14,705047050,46107.6, 2012-02-12,"  0.132 (196.364385,-49.468039)"
SWIFTJ1305.4-4928,NGC 4945              ,13 05 21.96,-49 31 38.6,2010-07-09 23:50:49,2010-07-11 06:18:12,705047020,44151.7, 2011-08-04,"  3.672 (196.364385,-49.468039)"
SWIFTJ1305.4-4928,NGC 4945              ,13 05 18.36,-49 31 14.5,2010-07-26 01:36:35,2010-07-27 04:11:23,705047030,40326.6, 2011-08-07,"  3.488 (196.364385,-49.468039)"
SWIFTJ1305.4-4928,NGC 4945              ,13 05 10.03,-49 30 51.8,2010-08-30 21:34:36,2010-08-31 23:45:10,705047040,39385.9, 2011-09-11,"  3.967 (196.364385,-49.468039)"
SWIFTJ1305.4-4928,NGC 4945              ,13 05 23.02,-49 31 42.2,2010-07-04 15:15:58,2010-07-05 16:14:17,705047010,39073.7, 2011-07-28,"  3.693 (196.364385,-49.468039)"
SWIFTJ1305.4-4928,NGC 4945              ,13 05 29.09,-49 27 59.8,2005-08-22 18:41:31,2005-08-23 02:25:33,100008010,14338.0, 2007-05-27,"  0.279 (196.364385,-49.468039)"
SWIFTJ1305.4-4928,NGC 4945              ,13 05 29.59,-49 27 59.8,2005-08-23 02:25:34,2005-08-23 02:28:58,100008020,177.6, 2007-05-27,"  0.358 (196.364385,-49.468039)"
SWIFTJ1306.4-4025A,ESO 323-G077          ,13 06 25.75,-40 25 25.0,2011-07-20 15:32:10,2011-07-21 10:00:14,706033010,44122.2, 2012-10-12,"   0.544 (196.608846,-40.41461)"
SWIFTJ1306.4-4025B,ESO 323-G077          ,13 06 25.75,-40 25 25.0,2011-07-20 15:32:10,2011-07-21 10:00:14,706033010,44122.2, 2012-10-12,"  8.873 (196.800383,-40.407563)"
SWIFTJ1309.2+1139,NGC 4992              ,13 08 58.61,+11 34 39.4,2006-06-18 05:29:25,2006-06-19 05:04:13,701080010,38788.6, 2007-11-18,"    3.800 (197.27333,11.634144)"
SWIFTJ1310.9-5553,SWIFT J1310.9-5553    ,13 10 44.83,-55 52 19.9,2011-07-19 10:46:29,2011-07-20 15:26:17,706009010,82785.0, 2012-10-13,"  0.250 (197.680692,-55.869818)"
SWIFTJ1322.2-1641,MCG-03-34-64          ,13 22 23.90,-16 43 37.2,2013-01-04 21:12:35,2013-01-09 04:10:11,707027010,155712.7, 2012-04-01,"  0.159 (200.601925,-16.728445)"
SWIFTJ1322.2-1641,SWIFT J1322.2-1641    ,13 22 19.66,-16 47 08.9,2009-07-01 23:22:19,2009-07-02 23:57:19,704022010,41348.7, 2010-07-16,"  3.629 (200.601925,-16.728445)"
SWIFTJ1325.4-4301,Cen A                 ,13 25 28.68,-43 01 03.7,2005-08-19 03:39:19,2005-08-20 09:50:08,100005010,64675.9, 2005-12-01,"   0.214 (201.365094,-43.01922)"
SWIFTJ1325.4-4301,CENTAURUS_A           ,13 25 21.86,-43 04 19.2,2009-07-20 08:55:29,2009-07-21 18:26:24,704018010,62432.8, 2010-08-07,"   3.337 (201.365094,-43.01922)"
SWIFTJ1325.4-4301,CENTAURUS_A           ,13 25 18.74,-43 03 53.6,2009-08-14 09:06:56,2009-08-16 02:31:24,704018030,55944.2, 2010-08-26,"   3.185 (201.365094,-43.01922)"
SWIFTJ1325.4-4301,CENTAURUS_A           ,13 25 19.73,-43 04 07.7,2009-08-05 07:23:27,2009-08-06 16:52:14,704018020,51278.7, 2010-08-22,"   3.306 (201.365094,-43.01922)"
SWIFTJ1325.4-4301,CENTAURUS A           ,13 25 28.78,-43 01 09.8,2013-08-15 04:22:42,2013-08-15 10:14:09,708036010,10675.1, 2014-10-24,"   0.211 (201.365094,-43.01922)"
SWIFTJ1325.4-4301,CENTAURUS A           ,13 25 12.79,-43 00 05.0,2014-01-06 11:18:21,2014-01-06 15:52:24,708036020,7365.2, 2015-03-05,"   2.914 (201.365094,-43.01922)"
SWIFTJ1335.8-3416,MCG-6-30-15           ,13 35 52.94,-34 17 40.6,2006-01-09 23:22:19,2006-01-14 03:20:12,700007010,143196.5, 2007-05-27,"  0.181 (203.974045,-34.295617)"
SWIFTJ1335.8-3416,MCG-6-30-15           ,13 35 53.21,-34 17 51.4,2006-01-23 12:09:04,2006-01-26 02:00:20,700007020,98483.4, 2007-05-27,"  0.166 (203.974045,-34.295617)"
SWIFTJ1335.8-3416,MCG-6-30-15           ,13 35 53.11,-34 17 52.1,2006-01-27 22:16:43,2006-01-30 08:50:19,700007030,96691.9, 2007-05-27,"  0.189 (203.974045,-34.295617)"
SWIFTJ1335.8-3416,MCG-6-30-15           ,13 35 55.08,-34 17 30.8,2005-08-17 16:09:53,2005-08-19 03:30:06,100004010,46698.7, 2007-05-27,"  0.351 (203.974045,-34.295617)"
SWIFTJ1338.2+0433,NGC 5252              ,13 38 15.91,+04 32 53.2,2012-12-26 21:06:27,2012-12-28 02:17:12,707028010,50270.1, 2014-01-30,"   0.326 (204.566148,4.5426605)"
SWIFTJ1341.9+3537,NGC 5273              ,13 42 08.40,+35 38 40.6,2013-07-16 04:37:55,2013-07-18 01:18:13,708001010,81770.9, 2014-08-21,"    0.582 (205.53491,35.654301)"
SWIFTJ1347.4-6033,4U 1344-60            ,13 47 35.18,-60 37 08.4,2011-01-11 19:01:05,2011-01-14 11:24:11,705058010,93877.3, 2012-02-18,"  0.126 (206.900028,-60.617743)"
SWIFTJ1349.3-3018,IC 4329A              ,13 49 19.94,-30 18 34.6,2012-08-13 02:13:09,2012-08-15 15:25:17,707025010,117593.8, 2013-09-05,"  0.148 (207.330253,-30.309494)"
SWIFTJ1349.3-3018,IC4329A               ,13 49 19.90,-30 18 35.6,2007-08-06 00:41:45,2007-08-06 21:05:13,702113020,30623.3, 2008-09-21,"  0.139 (207.330253,-30.309494)"
SWIFTJ1349.3-3018,IC4329A               ,13 49 19.66,-30 18 41.8,2007-08-11 11:00:23,2007-08-12 05:06:24,702113030,26895.9, 2008-09-21,"  0.152 (207.330253,-30.309494)"
SWIFTJ1349.3-3018,IC4329A               ,13 49 19.66,-30 18 38.5,2007-08-01 05:28:20,2007-08-02 01:00:24,702113010,25453.4, 2008-09-01,"  0.112 (207.330253,-30.309494)"
SWIFTJ1349.3-3018,IC4329A               ,13 49 19.61,-30 18 30.2,2007-08-16 11:48:47,2007-08-17 03:52:14,702113040,24219.4, 2008-09-21,"  0.100 (207.330253,-30.309494)"
SWIFTJ1349.3-3018,IC4329A               ,13 49 19.70,-30 18 35.3,2007-08-20 23:26:16,2007-08-21 13:20:24,702113050,24026.2, 2008-09-21,"  0.097 (207.330253,-30.309494)"
SWIFTJ1352.8+6917,MKN 279               ,13 52 54.07,+69 18 07.6,2009-05-14 06:19:04,2009-05-17 16:00:14,704031010,160351.4, 2010-05-29,"   0.904 (208.264319,69.308181)"
SWIFTJ1412.9-6522,CIRCINUS GALAXY       ,14 13 11.30,-65 20 01.0,2006-07-21 12:29:57,2006-07-23 01:08:24,701036010,108021.7, 2007-10-28,"  0.358 (213.291518,-65.339092)"
SWIFTJ1413.2-0312,NGC 5506              ,14 13 14.28,-03 12 10.4,2007-01-31 02:12:12,2007-02-01 15:04:15,701030030,57406.3, 2008-08-17,"  0.323 (213.311989,-3.2076737)"
SWIFTJ1413.2-0312,NGC 5506              ,14 13 14.90,-03 12 42.8,2006-08-11 02:26:18,2006-08-12 10:46:20,701030020,53296.2, 2008-08-17,"  0.254 (213.311989,-3.2076737)"
SWIFTJ1413.2-0312,NGC 5506              ,14 13 14.88,-03 12 44.6,2006-08-08 16:30:05,2006-08-10 00:05:37,701030010,47753.1, 2008-08-17,"  0.284 (213.311989,-3.2076737)"
SWIFTJ1417.9+2507,NGC5548               ,14 17 59.50,+25 07 35.0,2007-08-05 00:37:46,2007-08-06 00:30:24,702042080,38775.7, 2008-09-05,"  0.627 (214.498106,25.1368518)"
SWIFTJ1417.9+2507,NGC5548               ,14 17 58.34,+25 07 30.7,2007-06-24 21:53:31,2007-06-25 16:36:12,702042020,35915.2, 2008-08-17,"  0.750 (214.498106,25.1368518)"
SWIFTJ1417.9+2507,NGC5548               ,14 17 59.26,+25 07 35.8,2007-07-29 04:20:44,2007-07-30 00:30:14,702042070,31809.9, 2008-08-28,"  0.619 (214.498106,25.1368518)"
SWIFTJ1417.9+2507,NGC5548               ,14 17 58.34,+25 07 42.2,2007-06-18 22:28:15,2007-06-19 15:20:08,702042010,31118.8, 2008-08-17,"  0.575 (214.498106,25.1368518)"
SWIFTJ1417.9+2507,NGC5548               ,14 17 58.39,+25 07 42.6,2007-07-08 10:02:55,2007-07-09 02:50:14,702042040,30699.6, 2008-08-17,"  0.565 (214.498106,25.1368518)"
SWIFTJ1417.9+2507,NGC5548               ,14 17 59.02,+25 07 39.7,2007-07-15 13:57:39,2007-07-16 10:00:19,702042050,30019.7, 2008-08-29,"  0.562 (214.498106,25.1368518)"
SWIFTJ1417.9+2507,NGC5548               ,14 17 58.92,+25 07 37.9,2007-07-22 10:40:25,2007-07-23 06:30:24,702042060,28917.8, 2008-08-28,"  0.596 (214.498106,25.1368518)"
SWIFTJ1419.0-2639,ESO 511-G030          ,14 19 22.85,-26 38 45.6,2012-07-22 00:40:40,2012-07-28 08:01:05,707023020,224025.5, 2013-12-20,"  0.124 (214.843352,-26.644752)"
SWIFTJ1419.0-2639,ESO 511-G030          ,14 19 22.94,-26 38 44.5,2012-08-17 18:17:37,2012-08-18 19:06:18,707023030,51917.2, 2013-12-14,"  0.133 (214.843352,-26.644752)"
SWIFTJ1419.0-2639,ESO 511-G030          ,14 19 22.85,-26 38 51.0,2012-07-20 12:11:53,2012-07-20 18:00:12,707023010,5746.1, 2013-12-20,"  0.192 (214.843352,-26.644752)"
SWIFTJ1428.7+4234,1ES1426+428           ,14 28 14.45,+42 37 57.7,2008-06-05 20:53:11,2008-06-08 02:03:24,703063010,101166.2, 2009-06-21,"  4.106 (217.135876,42.6725043)"
SWIFTJ1428.7+4234,1ES1426+428           ,14 28 17.18,+42 37 29.6,2006-06-16 17:43:55,2006-06-18 05:20:24,701026010,60914.9, 2007-10-27,"  4.025 (217.135876,42.6725043)"
SWIFTJ1432.8-4412,NGC5643               ,14 32 34.13,-44 13 36.5,2007-08-19 21:06:29,2007-08-20 23:20:19,702010010,42882.3, 2008-10-31,"  3.356 (218.169627,-44.174429)"
SWIFTJ1442.5-1715,NGC 5728              ,14 42 19.06,-17 18 34.2,2006-07-19 17:39:43,2006-07-20 15:02:09,701079010,41307.7, 2007-10-27,"  3.579 (220.599473,-17.253016)"
SWIFTJ1454.9-5133,WKK 4438              ,14 55 17.14,-51 33 04.3,2012-01-22 02:33:33,2012-01-24 01:27:51,706011010,70308.8, 2013-06-26,"  1.182 (223.822944,-51.570879)"
SWIFTJ1457.8-4308,IC 4518A              ,14 57 40.56,-43 07 36.8,2012-02-02 04:08:09,2012-02-04 00:00:24,706012010,64398.6, 2013-05-22,"  0.330 (224.421579,-43.132062)"
SWIFTJ1504.2+1025,MRK 841               ,15 04 02.18,+10 27 31.3,2012-01-05 20:45:03,2012-01-11 04:33:10,706029010,244351.8, 2011-04-01,"  1.282 (226.004963,10.4377321)"
SWIFTJ1504.2+1025,MRK 841               ,15 04 01.37,+10 26 38.4,2012-01-18 18:18:03,2012-01-21 08:38:18,706029020,110289.0, 2011-04-01,"  0.379 (226.004963,10.4377321)"
SWIFTJ1504.2+1025,MKN 841               ,15 04 05.28,+10 29 52.8,2007-01-22 08:45:44,2007-01-23 14:33:09,701084010,51752.8, 2008-11-07,"  3.753 (226.004963,10.4377321)"
SWIFTJ1504.2+1025,MKN 841               ,15 03 55.46,+10 22 34.0,2007-07-23 16:43:49,2007-07-25 05:15:14,701084020,50925.3, 2008-11-30,"  3.957 (226.004963,10.4377321)"
SWIFTJ1512.0-2119,2MASX J15115979-2119  ,15 11 59.93,-21 18 29.9,2012-02-22 01:19:24,2012-02-23 22:30:13,706010010,83816.2, 2013-03-10,"  0.529 (227.999186,-21.317098)"
SWIFTJ1512.8-0906,PKS 1510-089          ,15 12 50.59,-09 06 15.5,2006-08-02 09:31:29,2006-08-05 06:06:24,701094010,119157.7, 2007-10-21,"  0.261 (228.210545,-9.0999498)"
SWIFTJ1512.8-0906,PKS1510-089           ,15 12 50.26,-09 05 44.2,2009-01-27 04:31:49,2009-01-28 05:25:14,703005010,44305.4, 2008-04-01,"  0.270 (228.210545,-9.0999498)"
SWIFTJ1557.8-7913,PKS1549-79            ,15 57 08.06,-79 13 48.7,2008-10-13 15:35:24,2008-10-15 21:37:21,703059010,82175.5, 2009-11-13,"  0.501 (239.245325,-79.234523)"
SWIFTJ1613.2-6043,A3627_WEST            ,16 12 40.82,-60 41 54.2,2013-09-11 13:21:08,2013-09-12 06:05:04,808059010,52799.8, 2014-10-26,"   7.248 (242.964155,-60.63196)"
SWIFTJ1617.8+3223,3C 332                ,16 17 41.74,+32 21 47.5,2009-08-08 00:49:13,2009-08-09 11:10:20,704038010,59833.9, 2010-08-29,"  0.799 (244.427239,32.3762175)"
SWIFTJ1618.7-5930,IGR J16185-5928       ,16 18 35.14,-59 24 00.4,2008-02-09 16:04:49,2008-02-11 00:30:24,702123010,76607.6, 2009-02-26,"  3.286 (244.651957,-59.454801)"
SWIFTJ1626.5-2951,1622-297              ,16 26 06.77,-29 51 46.4,2011-09-24 21:18:36,2011-09-25 04:19:19,706044010,8778.1, 2012-11-05,"  0.367 (246.525145,-29.857395)"
SWIFTJ1628.1+5145,SWIFT J1628.1+5145    ,16 27 48.98,+51 50 19.7,2006-04-15 18:49:28,2006-04-16 09:22:19,701016010,23589.0, 2007-10-21,"  4.460 (247.016911,51.7754172)"
SWIFTJ1630.5+3925,A2199 OFFSET4         ,16 31 03.89,+39 22 11.3,2011-08-18 04:36:49,2011-08-18 14:11:20,806150010,18711.6, 2011-04-01,"  6.097 (247.636078,39.3842185)"
SWIFTJ1635.0-5804,ESO 137-G034          ,16 35 03.94,-58 07 47.3,2008-10-05 11:06:13,2008-10-07 16:11:24,403075010,92052.5, 2009-11-13,"  3.272 (248.808344,-58.079964)"
SWIFTJ1643.1+3951,3C345                 ,16 42 59.69,+39 47 40.2,2012-09-11 06:28:26,2012-09-11 11:27:13,707043010,12700.8, 2013-10-17,"  0.961 (250.745051,39.8102748)"
SWIFTJ1654.0+3946,MRK 501               ,16 53 44.04,+39 49 41.2,2009-03-23 18:39:39,2009-03-25 07:59:19,703046010,72334.2, 2010-05-13,"  4.368 (253.467585,39.7601783)"
SWIFTJ1654.0+3946,MRK 501               ,16 53 36.00,+39 42 32.0,2006-07-18 18:53:39,2006-07-19 17:27:18,701027010,42427.1, 2007-11-04,"  4.381 (253.467585,39.7601783)"
SWIFTJ1717.1-6249,NGC 6300              ,17 17 01.18,-62 49 06.6,2007-10-17 12:20:19,2007-10-19 09:00:14,702049010,82577.0, 2008-10-31,"  0.223 (259.248121,-62.820563)"
SWIFTJ1800.3+6637,NEP                   ,18 00 08.26,+66 34 26.4,2015-01-30 22:31:53,2015-02-03 06:00:14,109016010,154011.4, 2014-04-01,"  2.467 (270.030283,66.6150908)"
SWIFTJ1800.3+6637,NGC6552               ,18 00 18.17,+66 36 13.0,2013-11-14 20:09:35,2013-11-17 00:18:16,708014010,105776.7, 2014-12-28,"  1.283 (270.030283,66.6150908)"
SWIFTJ1800.3+6637,NEP #1                ,18 00 11.81,+66 33 34.9,2009-11-15 05:30:04,2009-11-16 04:41:19,504070010,56336.7, 2009-04-01,"  3.354 (270.030283,66.6150908)"
SWIFTJ1800.3+6637,NEP #3                ,18 00 11.59,+66 34 10.6,2009-12-15 22:22:13,2009-12-17 01:20:18,504074010,50176.9, 2009-04-01,"  2.763 (270.030283,66.6150908)"
SWIFTJ1800.3+6637,NEP #4                ,18 00 10.78,+66 34 43.7,2009-12-28 09:57:09,2009-12-29 10:59:24,504076010,49849.1, 2009-04-01,"  2.205 (270.030283,66.6150908)"
SWIFTJ1800.3+6637,NEP #2                ,18 00 12.50,+66 33 55.8,2009-12-07 12:02:11,2009-12-08 15:23:14,504072010,48697.7, 2009-04-01,"  3.021 (270.030283,66.6150908)"
SWIFTJ1800.3+6637,NEP                   ,18 00 08.57,+66 34 26.4,2015-02-03 06:00:15,2015-02-03 17:25:14,109016020,21676.4, 2014-04-01,"  2.469 (270.030283,66.6150908)"
SWIFTJ1822.0+6421,H1821+643             ,18 21 52.22,+64 21 33.1,2013-04-16 09:52:51,2013-04-20 13:00:23,708037010,246583.9, 2013-04-01,"  1.092 (275.488441,64.3433924)"
SWIFTJ1822.0+6421,H1821+643             ,18 21 52.06,+64 21 34.2,2013-04-20 13:00:24,2013-04-22 16:37:16,708037020,128248.5, 2013-04-01,"  1.117 (275.488441,64.3433924)"
SWIFTJ1822.0+6421,E1821+643             ,18 22 04.97,+64 19 50.2,2012-11-08 18:53:08,2012-11-10 19:43:21,707016010,100413.2, 2013-12-05,"  1.137 (275.488441,64.3433924)"
SWIFTJ1829.4+4846,QSO 1828+487          ,18 29 37.01,+48 44 16.4,2014-11-22 06:34:56,2014-11-22 16:15:09,709026010,14176.6, 2016-02-24,"  0.995 (277.382419,48.7461722)"
SWIFTJ1835.0+3240,3C382                 ,18 35 00.38,+32 42 31.3,2007-04-27 23:05:29,2007-04-30 19:29:09,702125010,130580.0, 2008-11-07,"  0.974 (278.764124,32.6963467)"
SWIFTJ1836.9-5924,IRAS18325-5926        ,18 36 53.83,-59 27 23.4,2007-10-26 09:09:19,2007-10-28 10:00:24,702118010,78434.8, 2008-11-07,"   3.300 (279.24264,-59.402291)"
SWIFTJ1838.4-6524,ESO 103- G 035        ,18 38 22.58,-65 25 25.7,2008-10-22 15:11:45,2008-10-25 04:07:19,703031010,91442.0, 2009-11-13,"  0.325 (279.584683,-65.427552)"
SWIFTJ1842.0+7945,3C 390.3              ,18 41 49.34,+79 46 47.3,2013-05-24 07:12:24,2013-05-26 14:29:19,708034010,100366.8, 2014-06-08,"  1.007 (280.537518,79.7714274)"
SWIFTJ1842.0+7945,3C 390.3              ,18 42 30.96,+79 46 07.0,2006-12-14 03:25:28,2006-12-16 03:19:24,701060010,24.0, 2008-08-24,"  0.989 (280.537518,79.7714274)"
SWIFTJ1844.5-6221,FAIRALL 51            ,18 44 53.71,-62 21 24.1,2013-09-04 01:45:58,2013-09-04 12:35:21,708046010,31557.6, 2014-10-26,"  0.481 (281.224968,-62.364693)"
SWIFTJ1844.5-6221,FAIRALL 51            ,18 44 54.26,-62 21 33.1,2013-09-05 19:22:39,2013-09-06 04:11:10,708046020,30958.0, 2014-10-26,"  0.331 (281.224968,-62.364693)"
SWIFTJ1844.5-6221,FAIRALL 51            ,18 44 54.84,-62 21 41.4,2013-09-13 11:44:48,2013-09-14 07:33:10,708046040,30192.6, 2014-11-29,"  0.215 (281.224968,-62.364693)"
SWIFTJ1844.5-6221,FAIRALL 51            ,18 44 53.54,-62 21 30.2,2013-09-07 19:35:10,2013-09-08 10:17:17,708046030,23930.1, 2014-11-29,"  0.381 (281.224968,-62.364693)"
SWIFTJ1905.4+4231,ZW229-15              ,19 05 19.99,+42 28 14.2,2011-06-03 00:18:29,2011-06-07 15:00:15,706035010,167083.8, 2012-07-19,"  1.238 (286.358083,42.4610344)"
SWIFTJ1937.5-0613,IGR J19378-0617       ,19 37 36.55,-06 17 12.8,2010-10-16 01:41:34,2010-10-18 07:14:19,705055010,77801.4, 2011-11-02,"  4.226 (294.387614,-6.2180018)"
SWIFTJ1942.6-1024,NGC 6814              ,19 42 41.59,-10 20 13.6,2011-11-02 16:46:51,2011-11-03 15:18:14,706032010,42120.0, 2012-11-17,"  0.845 (295.669105,-10.323637)"
SWIFTJ1943.5+2120,HESS J1943+213        ,19 43 57.98,+21 18 03.6,2011-11-10 15:06:12,2011-11-11 14:26:13,706007010,38881.5, 2012-11-25,"  0.519 (295.984335,21.3063851)"
SWIFTJ1952.4+0237,SWIFT J1952.4+0237    ,19 52 13.34,+02 34 13.8,2009-04-08 19:53:00,2009-04-10 02:35:24,704011010,47921.1, 2010-05-08,"   3.876 (298.065828,2.5067148)"
SWIFTJ1959.4+4044,CYGNUS A CLUSTER      ,19 59 02.62,+40 47 18.6,2008-11-15 21:43:08,2008-11-16 21:58:19,803050010,44658.7, 2009-12-02,"  5.875 (299.868227,40.7339116)"
SWIFTJ1959.4+4044,CYGNUS A SUB          ,19 58 53.45,+40 51 30.6,2013-11-19 07:32:59,2013-11-20 07:44:17,808016010,42520.4, 2014-12-04,"  9.979 (299.868227,40.7339116)"
SWIFTJ1959.6+6507,1ES 1959+650          ,19 59 51.48,+65 09 31.7,2006-05-23 01:13:23,2006-05-25 04:07:24,701075010,98862.2, 2007-11-04,"    1.072 (299.9993,65.1485285)"
SWIFTJ2009.0-6103,SWIFT J2009.0-6103    ,20 08 37.92,-61 02 58.2,2008-04-07 16:40:32,2008-04-08 14:25:07,703015010,43726.8, 2009-05-02,"  3.216 (302.195379,-61.099952)"
SWIFTJ2018.8+4041,GAMMACYGNI_NWSHELL2   ,20 18 36.48,+40 41 51.0,2011-04-14 07:15:57,2011-04-15 06:27:10,506018010,39712.0, 2012-05-11,"  0.952 (304.661383,40.6833243)"
SWIFTJ2028.5+2543,MCG +04-48-002        ,20 28 35.71,+25 48 07.6,2007-04-18 11:12:17,2007-04-19 09:55:19,702081010,41298.8, 2008-08-17,"  4.967 (307.120373,25.7233823)"
SWIFTJ2042.3+7507,4C+74.26              ,20 42 50.74,+75 06 39.6,2011-11-23 12:58:54,2011-11-25 14:43:07,706028010,101412.5, 2012-12-08,"  1.628 (310.655434,75.1340134)"
SWIFTJ2042.3+7507,4C+74.26              ,20 42 16.03,+75 03 41.8,2007-10-28 10:21:17,2007-10-30 06:15:24,702057010,91583.0, 2008-11-06,"  4.555 (310.655434,75.1340134)"
SWIFTJ2044.2-1045,MRK 509               ,20 44 11.26,-10 44 24.4,2010-11-21 14:17:42,2010-11-23 19:34:20,705025010,102120.5, 2011-12-21,"  1.060 (311.040636,-10.723539)"
SWIFTJ2044.2-1045,MRK 509               ,20 44 08.98,-10 43 13.1,2015-05-01 08:53:37,2015-05-02 16:21:21,410017010,54272.8, 2016-07-24,"  0.272 (311.040636,-10.723539)"
SWIFTJ2044.2-1045,MARKARIAN 509         ,20 44 10.82,-10 43 40.1,2006-11-27 03:54:07,2006-11-28 03:05:24,701093040,33094.4, 2007-12-22,"  0.367 (311.040636,-10.723539)"
SWIFTJ2044.2-1045,MARKARIAN 509         ,20 44 10.25,-10 43 37.6,2006-10-14 07:50:00,2006-10-15 02:03:19,701093020,25929.8, 2008-03-01,"  0.246 (311.040636,-10.723539)"
SWIFTJ2044.2-1045,MARKARIAN 509         ,20 44 04.66,-10 39 49.3,2006-04-25 18:47:44,2006-04-26 12:36:19,701093010,24575.6, 2007-10-21,"  3.802 (311.040636,-10.723539)"
SWIFTJ2044.2-1045,MARKARIAN 509         ,20 44 10.27,-10 43 38.6,2006-11-15 09:00:13,2006-11-16 00:16:21,701093030,24446.6, 2007-12-22,"  0.264 (311.040636,-10.723539)"
SWIFTJ2052.0-5704,SWIFT J2052.0-5704    ,20 51 54.91,-57 01 03.4,2009-04-24 15:04:25,2009-04-25 16:28:19,704010010,45160.0, 2010-05-23,"  3.232 (313.009818,-57.068756)"
SWIFTJ2123.6+2506,3C 433                ,21 23 46.13,+25 03 18.0,2010-11-06 13:35:31,2010-11-08 02:17:18,705050010,62500.9, 2011-11-25,"  1.214 (320.935787,25.0743855)"
SWIFTJ2124.6+5057,IGR J21247+5058       ,21 24 47.26,+51 02 34.1,2007-04-16 14:05:32,2007-04-18 11:04:24,702027010,85031.9, 2008-10-05,"  4.320 (321.163983,50.9738487)"
SWIFTJ2127.4+5654,SWIFT J2127.4+5654    ,21 28 00.24,+56 52 40.8,2007-12-09 01:32:53,2007-12-11 01:10:16,702122010,91730.4, 2009-06-18,"  4.397 (321.939155,56.9430461)"
SWIFTJ2129.1-1538,PKS2126-15            ,21 29 11.71,-15 38 37.3,2008-04-20 02:11:23,2008-04-22 10:10:19,703001010,81921.4, 2009-05-10,"  0.130 (322.300761,-15.644765)"
SWIFTJ2148.3-3454,NGC 7130              ,21 48 15.60,-34 53 46.3,2008-05-11 12:28:37,2008-05-12 13:35:24,703012010,44493.1, 2009-05-24,"  3.400 (327.081366,-34.951248)"
SWIFTJ2200.9+1032,MRK 520               ,22 00 42.43,+10 32 42.0,2012-11-27 19:38:51,2012-11-29 15:46:17,407014010,79779.5, 2013-12-18,"  0.509 (330.172292,10.5522395)"
SWIFTJ2201.9-3152,NGC 7172              ,22 02 01.49,-31 52 14.9,2008-05-25 01:34:51,2008-05-26 20:32:23,703030010,82279.7, 2009-06-17,"  0.113 (330.507894,-31.869591)"
SWIFTJ2202.8+4218,BL LACERTAE           ,22 02 35.18,+42 20 49.6,2006-05-27 05:31:44,2006-05-28 07:20:19,701073010,48529.4, 2007-10-28,"  4.423 (330.680388,42.2777548)"
SWIFTJ2202.8+4218,BL LAC                ,22 02 40.97,+42 17 38.8,2013-05-19 14:51:56,2013-05-19 20:56:23,707044010,12742.6, 2014-06-18,"  1.071 (330.680388,42.2777548)"
SWIFTJ2209.4-4711,NGC 7213              ,22 09 15.84,-47 09 46.4,2006-10-22 05:34:36,2006-10-24 06:37:24,701029010,90736.0, 2008-08-17,"   0.236 (332.31755,-47.166696)"
SWIFTJ2223.9-0207,3C 445                ,22 23 48.67,-02 05 58.2,2007-05-25 04:50:10,2007-05-28 22:00:24,702056010,139769.1, 2008-08-24,"  0.327 (335.956423,-2.1035701)"
SWIFTJ2232.5+1141,CTA102                ,22 32 34.99,+11 44 24.4,2013-05-19 08:17:28,2013-05-19 14:43:23,707045010,9562.6, 2014-06-01,"   0.658 (338.151714,11.730796)"
SWIFTJ2235.9-2602,NGC 7314              ,22 35 37.32,-25 59 54.2,2007-04-25 10:21:33,2007-04-27 22:50:24,702015010,109019.8, 2008-10-05,"  3.705 (338.942507,-26.050436)"
SWIFTJ2235.9-2602,XMMU 2235.3-2557      ,22 35 22.44,-25 57 56.5,2011-11-13 15:18:27,2011-11-16 13:23:12,806013010,101122.7, 2012-11-26,"  7.372 (338.942507,-26.050436)"
SWIFTJ2236.7-1233,MKN 915               ,22 36 47.57,-12 32 48.5,2013-11-26 23:07:39,2013-11-28 03:10:10,708029010,41220.0, 2013-04-01,"  0.279 (339.193721,-12.545223)"
SWIFTJ2246.0+3941,3C 452                ,22 45 39.14,+39 44 59.3,2007-06-16 09:30:52,2007-06-17 19:54:24,702073010,66680.0, 2008-08-17,"  4.153 (341.453007,39.6877556)"
SWIFTJ2248.8+1725,SWIFT J2248.8+1725    ,22 48 45.67,+17 26 38.4,2014-12-06 16:39:12,2014-12-08 16:02:20,709004010,78093.8, 2016-03-13,"  0.523 (342.184758,17.4509405)"
SWIFTJ2251.9+2215,IGR J22517+2218       ,22 51 54.46,+22 17 13.6,2009-11-26 18:15:56,2009-11-28 00:12:24,704060010,52726.5, 2010-12-15,"  0.456 (342.972916,22.2937405)"
SWIFTJ2253.9+1608,3C454.3               ,22 53 58.63,+16 08 30.8,2008-11-22 09:18:32,2008-11-23 16:31:19,703006010,46923.9, 2008-04-01,"  0.436 (343.490612,16.1482502)"
SWIFTJ2253.9+1608,3C454.3               ,22 53 58.82,+16 08 16.4,2010-11-25 01:11:14,2010-11-26 00:20:19,705021010,41025.2, 2011-12-21,"  0.673 (343.490612,16.1482502)"
SWIFTJ2253.9+1608,3C 454.3              ,22 54 04.34,+16 05 17.5,2009-12-09 02:40:43,2009-12-09 23:31:24,904003010,40477.2, 2009-12-07,"  3.936 (343.490612,16.1482502)"
SWIFTJ2253.9+1608,3C454.3               ,22 53 58.66,+16 08 30.8,2007-12-05 04:57:55,2007-12-06 02:40:14,902002010,39889.5, 2007-11-27,"  0.439 (343.490612,16.1482502)"
SWIFTJ2254.1-1734,MR 2251-178           ,22 54 05.21,-17 34 53.0,2009-05-07 03:28:24,2009-05-10 11:13:14,704055010,136924.0, 2010-05-27,"  0.166 (343.524522,-17.582035)"
SWIFTJ2303.3+0852,NGC 7469              ,23 03 08.21,+08 55 48.4,2008-06-24 16:50:17,2008-06-27 16:24:23,703028010,112112.8, 2009-07-15,"   3.835 (345.815059,8.8739169)"
SWIFTJ2304.8-0843,MCG-2-58-22           ,23 04 44.14,-08 41 16.1,2009-12-02 22:36:33,2009-12-05 22:27:19,704032010,138968.8, 2010-12-23,"  0.204 (346.181173,-8.6857273)"
SWIFTJ2318.4-4223,NGC7582               ,23 18 33.86,-42 24 55.1,2007-11-16 01:44:01,2007-11-16 21:30:19,702052040,31895.5, 2008-11-27,"  3.290 (349.598445,-42.370422)"
SWIFTJ2318.4-4223,NGC7582               ,23 18 34.70,-42 24 49.3,2007-11-09 21:49:32,2007-11-10 15:30:10,702052030,29353.8, 2008-11-20,"  3.305 (349.598445,-42.370422)"
SWIFTJ2318.4-4223,NGC7582               ,23 18 15.22,-42 19 19.2,2007-05-28 22:10:09,2007-05-29 17:35:19,702052020,28769.0, 2008-08-17,"  3.295 (349.598445,-42.370422)"
SWIFTJ2318.4-4223,NGC7582               ,23 18 11.33,-42 19 49.4,2007-05-01 19:02:59,2007-05-02 07:37:23,702052010,23941.2, 2008-08-17,"  3.306 (349.598445,-42.370422)"
SWIFTJ2318.9+0013,NGC 7603              ,23 18 55.20,+00 15 20.5,2012-06-02 12:11:33,2012-06-04 15:50:13,707003010,101256.7, 2013-06-21,"   0.797 (349.736066,0.2438751)"
SWIFTJ2341.8+3033,UGC 12741             ,23 41 46.78,+30 38 29.0,2009-06-07 12:31:37,2009-06-08 16:06:24,704014010,47945.8, 2010-06-20,"  4.037 (355.481134,30.5817731)"
SWIFTJ2344.6-4246,SPT-CLJ2344-4243      ,23 44 43.58,-42 43 00.8,2013-11-09 00:15:15,2013-11-11 09:51:21,708012010,86204.3, 2013-04-01,"  0.202 (356.182952,-42.720117)"
SWIFTJ2344.6-4246,SWIFTJ2344.6-424322   ,23 44 25.42,-42 45 44.6,2010-11-05 06:45:02,2010-11-06 13:22:10,705049010,61741.6, 2011-11-20,"  4.238 (356.182952,-42.720117)"
SWIFTJ2359.3-6058,PKS 2356-61           ,23 59 03.86,-60 54 28.8,2006-12-06 17:08:16,2006-12-09 05:11:24,801016010,100837.2, 2007-12-22,"   0.509 (359.767938,-60.91644)"
SWIFTJ2028.5+2543,MCG +04-48-002        ,20 28 35.71,+25 48 07.6,2007-04-18 11:12:17,2007-04-19 09:55:19,702081010,41298.8, 2008-08-17,"   4.126 (307.146087,25.733383)"
SWIFTJ0209.5-1010,ARP318                ,02 09 31.01,-10 09 31.0,2014-08-04 21:20:14,2014-08-06 19:48:23,709009010,80219.5, 2015-09-02,"   2.932 (32.336859,-10.133086)"
